话题链接,话题内容,楼主ID,楼主昵称,楼主性别,发布日期,发布时间,转发量,评论量,点赞量,评论者ID,评论者昵称,评论者性别,评论日期,评论时间,评论内容
https://m.weibo.cn/detail/4940960779209822,汪顺#杭州亚运会# 顺哥加油！#顺流而上# 💦💦,6858261438,Prudddyyy,f,2023/09/01,00:45:11,0,1,1, , , , , , 
 , , , , , , , , , ,6665916335,Daidaidaiema,f,2023/9/01,10:53:02,優秀
https://m.weibo.cn/detail/4940960254919226,Proud of Hangzhou🏟️🏅亚运会彩排第二场🔚杭州#亚运会##杭州亚运会倒计时30天##杭州亚运会# 杭州·杭州奥体博览城 ,6406355678,懒懒sSylvia,f,2023/09/01,00:43:06,0,9,16, , , , , , 
 , , , , , , , , , ,6055710295,Nicoole_R,f,2023/9/01,01:51:28,太美了宝宝
 , , , , , , , , , ,5878659096,超话社区,m,2023/12/14,14:43:21,好久不见，我和小伙伴们都在杭州的超话社区等你，快点来看看吧，回家指路&gt;&gt;杭州
 , , , , , , , , , ,5878659096,超话社区,m,2023/9/01,00:43:07,好久不见，我和小伙伴们都在杭州的超话社区等你，快点来看看吧，回家指路&gt;&gt;杭州
 , , , , , , , , , ,1728860841,微博同城,f,2023/9/04,08:11:05,此微博被杭州同城用户多次点击互动，帮更多小伙伴发现本地新鲜事和打卡地 。如何让我的微博在同城获得曝光？
 , , , , , , , , , ,5646677595,TANG_36160,m,2023/9/03,19:34:24,美女可以带我进去吗
 , , , , , , , , , ,7461346196,贺润岩,m,2023/9/03,12:44:51,
 , , , , , , , , , ,7339459911,遨游幻境,m,2023/9/01,14:42:51,辣辣对吗
https://m.weibo.cn/detail/4940949408715133,#《亚运倒计时》由我来播报#  颜妙嘉为你双语播报：今天距离杭州亚运会开幕还有22天！#全民学英语一起迎亚运# #小小播报员# #杭州亚运会# #一人一句祝福亚运会# 杭州青少体育频道的微博视频 ,7555427911,杭州青少体育频道,m,2023/09/01,00:00:00,1,0,0, , , , , , 
https://m.weibo.cn/detail/4940973378896757,马龙#杭州亚运会##美术联考# 九月了，我们都加油 ,7278698802,Captain巴黎见,f,2023/09/01,01:35:15,0,1,3, , , , , , 
 , , , , , , , , , ,7480165687,李子木xju,f,2023/9/01,07:24:31,一起加油
https://m.weibo.cn/detail/4940986154746229,#杭州亚运会# 💙🩵🩵 ,1851754653,Miss-curly,f,2023/09/01,02:26:01,0,0,2, , , , , , 
