话题链接,楼主ID,话题内容,楼主昵称,楼主性别,是否认证,认证类型,是否认证金v,发博数量,关注人数,粉丝数,微博等级,发布日期,发布时间,转发量,评论量,点赞量
https://m.weibo.cn/detail/4732112416278737,1896116202,亚运迎新年！杭州勇往直前！ #杭州亚运会# #遇见美好杭州#  杭州24小时的微博视频 ,杭州24小时,f,true,3,50,30117,477,42.7万,46,2022/02/01,17:16:21,0,0,1
https://m.weibo.cn/detail/4732348060403058,1400355627,#国足1比3越南#很可能踢不进#杭州亚运会#,洛曦2013,f,false,-1,0,1676,191,148,19,2022/02/02,08:52:42,0,0,0
https://m.weibo.cn/detail/4732732565096435,3267622363,//@北京马术协会: //@北马青少: 中国马术队加油！#杭州亚运会#   #杭州亚运会#,北京马术文化节,m,true,3,0,1508,86,855,8,2022/02/03,10:20:36,0,0,1
https://m.weibo.cn/detail/4732732486191460,3020230733,//@北马青少: 中国马术队加油！#杭州亚运会#   #杭州亚运会#,北京马术协会,m,true,7,0,3251,155,5331,27,2022/02/03,10:20:17,1,1,1
https://m.weibo.cn/detail/4732732394176923,5667942456,中国马术队加油！#杭州亚运会#  杭州2022年亚运会,北马青少,m,true,7,0,465,36,127,1,2022/02/03,10:19:54,2,1,1
https://m.weibo.cn/detail/4733110899706079,5579529154,买不到冰墩墩，我现在就买杭州亚运会，卷死你们😡#杭州亚运会##北京2022年冬奥会# 海口 ,道森许_77,m,false,-1,0,47,278,169,14,2022/02/04,11:23:58,0,5,14
https://m.weibo.cn/detail/4733144617979494,3157161702,2022年杭州亚运会，即第19届亚洲运动会，于2022年9月10日至25日 ，在中国浙江省杭州市举行。截止2020年12月，共设40个竞赛大项，包括31个奥运项目和9个非奥运项目；同时，在保持40个大项不变的前提下，增设电子竞技、霹雳舞两个竞赛项目。[1]2022年杭州亚运会按照“中国新时代·杭州新亚运”定位以及“中国风范、浙江特色、杭州韵味、共建共享”目标，秉持“绿色、智能、节俭、文明”的办会理念，坚持“以杭州为主，全省共享”的办赛原则，高质量推进亚运会筹办工作。#杭州亚运会#,sunny仪14,f,false,-1,0,7,30,38,9,2022/02/04,13:37:57,0,0,0
https://m.weibo.cn/detail/4733301623095361,5705247273,#杭州亚运会# 在浙江的念想又多了一个，好想去现场看东打球 ,Brenda-lllf,m,false,-1,0,2964,230,33,9,2022/02/05,00:01:49,0,1,1
https://m.weibo.cn/detail/4733336302126323,2920901490,#杭州亚运会# 按照冰墩墩这个趋势，我预计一下杭州亚运会周边也会🔥，要不要囤点 ,DRTFDG,f,false,-1,0,310,130,86,28,2022/02/05,02:19:38,0,2,1
https://m.weibo.cn/detail/4733579999842070,3987686931,聪明人已经卷起来了#杭州亚运会# ,Lasflores_,f,false,-1,0,1040,372,190,9,2022/02/05,18:28:00,0,4,4
https://m.weibo.cn/detail/4733909293597966,6797383766,杨子江River【冰墩墩】2019年就发布了 没人理 所以 友情提示 如果真的喜欢这类东西 现在该开始关注【2022杭州亚运会】的衍生产品了#杭州亚运会# ,R_然然_R,f,true,0,0,2421,315,221,4,2022/02/06,16:16:30,0,0,0
https://m.weibo.cn/detail/4733967389425740,5661415244,杭州人激动亚运了#杭州亚运会# ,小川木子_,f,false,-1,0,231,2373,487,19,2022/02/06,20:07:20,0,8,15
https://m.weibo.cn/detail/4734000826159834,6270098657,潜龙爆料幽默话题2022年9月欢迎全世界朋友来浙江杭州，#杭州欢迎您##杭州亚运会##潜龙爆料幽默话题##蛛网搜奇趣##杭州##我的大余杭# 蛛网搜奇趣的微博视频 ,蛛网搜奇趣,m,true,0,0,131542,4221,15.2万,34,2022/02/06,22:20:13,0,0,1
https://m.weibo.cn/detail/4734169534432791,6347803658,#张艺兴[超话]# 谁能抵挡一个叫莲莲的吉祥物啊#杭州亚运会# ,吧唧莲莲,f,false,-1,0,604,232,105,7,2022/02/07,09:30:36,0,4,8
https://m.weibo.cn/detail/4734212399436765,1743904123,#杭州亚运会# 亚运小报完成✅ ,jannymay,f,false,220,0,1585,242,562,26,2022/02/07,12:20:56,0,0,1
https://m.weibo.cn/detail/4734383049147328,5694175791,家人们，咱就是说，卷起来了#冰墩墩##杭州亚运会##杭州2022年第19届亚运会吉祥物#杭州亚运会 ,山茶花漾huayang,f,false,-1,0,765,189,44,4,2022/02/07,23:39:02,0,0,0
https://m.weibo.cn/detail/4734591480630724,6439436275,杭州亚运会吉祥物什么时候出手办啊#杭州亚运会# ,-夏夏夏夏弥,f,false,-1,0,219,18,4,4,2022/02/08,13:27:16,0,0,1
https://m.weibo.cn/detail/4734644258342427,5186000071,#杭州亚运会 我们准备好了#【花式“拼球”！小小运动员们身手不“乒”凡！】杭州市西湖区颐高乒乓球俱乐部的小小运动员们花式“拼球”，为杭州亚运会加油。 西湖发布的微博视频 ,西湖发布,m,true,1,0,33273,128,19.7万,44,2022/02/08,16:56:59,9,5,6
https://m.weibo.cn/detail/4734668748887565,6774594722,#杭州亚运会 我们准备好了#【花式“拼球”！小小运动员们身手不“乒”凡！】杭州市西湖区颐高乒乓球俱乐部的小小运动员们花式“拼球”，为杭州亚运会加油。 西湖发布的微博视频 ,杭州西湖文旅集团,f,true,2,50,3352,32,139,4,2022/02/08,18:34:18,0,0,0
https://m.weibo.cn/detail/4734665665021313,1896116202,【在北京，杭州亚运会吉祥物和冰墩墩一样被宠爱！】#杭州亚运会# 2月6日，2022北京新闻中心杭州亚运会主题展开幕，面向北京新闻中心1700名非注册记者以及国内外来宾展示杭州亚运会筹办成果、亚运美学文化以及主办城市形象。网页链接 ,杭州24小时,f,true,3,50,30117,477,42.7万,46,2022/02/08,18:22:03,0,1,1
https://m.weibo.cn/detail/4734676498912090,2913208643,#杭州亚运会#杭州2022年亚运会 集美们 2022杭州亚运会的周边也开始缺货了刚下单的 一会再看 有的就缺货了 ,是马小胖啊哈哈哈哈哈哈哈哈哈,f,false,-1,0,2056,507,253,14,2022/02/08,19:05:06,1,6,1
https://m.weibo.cn/detail/4734705591650969,5970433810,#杭州亚运会# 亚运会小公仔卷起来 杭州 ,钮钴禄·虫,f,false,-1,0,368,122,19,2,2022/02/08,21:00:42,0,0,0
https://m.weibo.cn/detail/4734727905350632,5660978121,杭州亚运会-琮琮，我先卷为敬！#杭州亚运会吉祥物为琮琮莲莲宸宸##杭州亚运会# ,的猫呢,f,false,-1,0,203,969,3743,28,2022/02/08,22:29:22,0,0,2
https://m.weibo.cn/detail/4734735903622900,6591837185,不要说冰墩墩了杭州亚运会吉祥物已经没有啦！卷成这样子啦#冰墩墩##杭州亚运会# ,起个微博的名字好难呀,f,false,-1,0,221,277,19,3,2022/02/08,23:01:09,0,0,0
https://m.weibo.cn/detail/4734764604983626,5457674329,有这个想法真的已经很久啦从寒假开始疯狂关注杭州亚运会的筹备情况一直都在关注赛程的大致安排想要在今年九月份时候去杭州看羽毛球男团男单的比赛算是个小心愿吧希望届时疫情好转、比赛对外售票我提前做个横幅带过去#杭州亚运会# ,浪浪山的小兔妖,f,false,-1,0,2273,503,141,14,2022/02/09,00:55:12,0,7,3
https://m.weibo.cn/detail/4734886139135575,5598388744,冬奥会带火了亚运会杭州亚运会吉祥物都卖没了太卷了#冰墩墩##杭州亚运会# ,东东的酷科技,m,true,0,0,5244,772,12.7万,9,2022/02/09,08:58:08,0,1,1
https://m.weibo.cn/detail/4734915310518661,7396837728,杭州亚运日程公布！9月来温州看龙舟~等你来，一起来！让亚运焰火映出你的风采#杭州亚运会 #杭州2022 温州人APP的微博视频 ,温州人APP,m,false,-1,0,1114,188,149,0,2022/02/09,10:54:02,1,0,1
https://m.weibo.cn/detail/4734909149612712,5455079913,#杭州亚运会 我们准备好了#【花式“拼球”！小小运动员们身手不“乒”凡！】杭州市西湖区颐高乒乓球俱乐部的小小运动员们花式“拼球”，为杭州亚运会加油。 西湖发布的微博视频 ,西湖工会,f,true,1,0,2408,48,419,16,2022/02/09,10:29:34,0,0,0
https://m.weibo.cn/detail/4734930866668375,5177409970,这pin好看是真好看 你们卷也是真的卷😅#杭州亚运会# ,小狗吸尘器-,f,false,-1,0,1057,100,38,9,2022/02/09,11:55:51,0,1,1
https://m.weibo.cn/detail/4734930569399559,6020516658,【当#北京冬奥会# 遇上#杭州亚运会# 】L每日甘肃网的微博视频 2月6日-8日，杭州亚组委在北京冬奥会新闻中心“多彩中国”区域推出亚运会主题展。面向北京新闻中心1700名非注册记者以及国内外来宾展示#杭州2022亚运会# 筹办成果、亚运美学文化以及主办城市形象。该主题展区位于2022北京新闻中心二层直梯前大厅，总面积650平方米，分为主形象展示区、“文化之美”展示区、“文化之蕴”展示区和互动展示区四大板块。展区设计整体融入亚运主题、科技元素、城市特色，运用多媒体、互动式的手段，全方位展示亚运文化。#聚焦2022北京冬奥#每日甘肃网的微博视频,育见新闻,m,true,3,0,50615,218,139.2万,9,2022/02/09,11:54:41,0,0,0
https://m.weibo.cn/detail/4734916828856988,1036713140,【当#北京冬奥会# 遇上#杭州亚运会# 】每日甘肃网的微博视频  2月6日-8日，杭州亚组委在北京冬奥会新闻中心“多彩中国”区域推出亚运会主题展。面向北京新闻中心1700名非注册记者以及国内外来宾展示#杭州2022亚运会# 筹办成果、亚运美学文化以及主办城市形象。该主题展区位于2022北京新闻中心二层直梯前大厅，总面积650平方米，分为主形象展示区、“文化之美”展示区、“文化之蕴”展示区和互动展示区四大板块。展区设计整体融入亚运主题、科技元素、城市特色，运用多媒体、互动式的手段，全方位展示亚运文化。#聚焦2022北京冬奥# 详☞ 杭州“亚运风”吹进北京冬奥会（@每日甘肃网 ）,杭州网,f,true,3,50,181439,506,200.3万,48,2022/02/09,11:00:04,0,0,2
https://m.weibo.cn/detail/4735012534486767,5727981080,先把#杭州亚运会# 的给抢了 蔡佳佳在努力的微博视频 ,蔡佳佳在努力,m,false,-1,0,820,790,55,4,2022/02/09,17:20:23,0,0,1
https://m.weibo.cn/detail/4735009561252092,1896116202,【疫情与风雪中坚守！亚运场馆建设春节不打烊】#杭州亚运会# 2022年，杭州亚运会进入收官之年，亚运场馆建设也进入冲刺收尾阶段。因疫情防控和亚运场馆建设需要，近千名场馆建筑工人及管理人员选择响应号召，就地过年、坚守岗位，在寒风雨雪中拼抢工期。网页链接 ,杭州24小时,f,true,3,50,30117,477,42.7万,46,2022/02/09,17:08:34,0,0,0
https://m.weibo.cn/detail/4735008537838841,6121939163,我真的很喜欢#杭州亚运会# NatalieoOoo0O0oo的微博视频 ,NatalieoOoo0O0oo,f,false,-1,0,3545,90,425,1,2022/02/09,17:04:30,0,2,4
https://m.weibo.cn/detail/4735088765698483,5872123085,#杭州亚运会#杭州亚运会吉祥物琮琮、宸宸、莲莲联袂出演《超时空“江南忆”》。 微帮淘的微博视频 ,微帮淘,m,false,-1,0,36,19,1万,8,2022/02/09,22:23:17,0,0,2
https://m.weibo.cn/detail/4735281917856642,5873582335,随着2022年杭州亚运会脚步的临近，温州奥体中心二期主体育场“整装蓄势”，静候各国运动健儿的到来。据悉，温州奥体中心二期主体育场总用地面积342亩，亚运会期间将承办足球小组赛，亚运会后将满足温州举办田径赛事和全民健身的需求。#闲谈周章# 看着#北京冬奥会# 期待#杭州亚运会#  ,傲游周章,m,true,0,0,24901,3381,11.8万,38,2022/02/10,11:10:49,0,0,0
https://m.weibo.cn/detail/4735297017876214,1758961192,作品灵感来自于杭州亚运场馆“莲花碗”和平时常见到的滑板少年将两者结合在一起加以色彩的改变，，作为作品主体上“杭州亚运”的英文Q版字体加点出主题，以及简单的装饰.形成了滑板少年《滑出亚运》的作品，作品表现了作者对亚运到来杭州的期待，以及对滑板的热爱，也希望将来，滑板运动也可以登上亚运的“战场》！ #杭州亚运会# #杭州2022年第19届亚运会吉祥物#,大项的天,m,true,0,2,73840,1398,5.9万,48,2022/02/10,12:10:49,0,2,0
https://m.weibo.cn/detail/4735317368639829,2687018751,#杭州亚运会##浙师资讯# 智能点亮场馆 青春添彩亚运🎉随着场馆智能灯控系统的启动，浙师大作为亚运会足球⚽️比赛场地之一的体育场被“点亮”🌟青年志愿者也已准备就绪 共迎八方宾客的到来🚗 ,浙江师范大学,f,true,4,0,24869,312,22.2万,46,2022/02/10,13:31:41,1,1,10
https://m.weibo.cn/detail/4735324649687796,5784471649,莲莲太可爱了吧我的莲莲#杭州亚运会# ,橘猫黄又臭,f,false,-1,0,557,327,68,4,2022/02/10,14:00:37,0,0,0
https://m.weibo.cn/detail/4735374137493087,6053948516,#杭州亚运会# 未雨绸缪第一人✌️虽然我还不知道这三叫啥 ,我是李背背,f,false,-1,0,720,102,50,4,2022/02/10,17:17:15,1,0,1
https://m.weibo.cn/detail/4735409534012276,5290066965,#浙超联赛##金华##杭州亚运会#     根据亚组委第2轮报名情况，共有韩国、伊朗、叙利亚等33个国家和地区报名。金华将承办足球项目2个男子小组的比赛，每个小组4支队伍，共8支队伍，运动员和随队官员共约240人。时间：2022年9月7日—11日（比赛日间隔1天，共3天，即7日、9日、11日）地点：市体育中心体育场、浙江师范大学体育场（比赛日每地2场，共12场）比赛项目：男子小组赛,婺魂情报站,m,false,-1,0,199,383,144,9,2022/02/10,19:37:55,0,0,1
https://m.weibo.cn/detail/4735615108908164,3970257377,#杭州亚运会# 据中国新闻网消息，杭州2022年亚运会(下称杭州亚运会)57个比赛场馆中50个场馆已工程竣工，剩余场馆预计在3月底前全部竣工，4月底前完成赛事功能验收。　　此外，场馆团队的组建工作亦同步推进。目前，杭州亚运会已确定组建竞赛场馆(群)运行团队41个、非竞赛场馆运行团队35个、独立训练场馆运行团队20个。竞赛场馆和训练场馆的先期团队已全部成立。　　杭州亚运会将于今年9月10日至25日举办，届时亚洲45个国家(地区)和部分大洋洲国家(地区)来杭州参赛，预计参赛运动员10000人，技术官员4900人，媒体记者近6000人、主播机构及持权转播商近6000人。杭州亚残运会定于今年10月9日至15日举办，预计参赛运动员和随队官员5300人，技术官员3000人。,华奥星空网,m,true,2,50,9795,218,24.6万,20,2022/02/11,09:14:48,0,1,2
https://m.weibo.cn/detail/4735660617634419,3935681413,哈哈哈哈哈哈哈我的大鸟儿到了😂😂😂😂😂太可爱了，哈哈哈哈哈哈哈哈哈太萌了颜色漂亮，手感也好👌🏻最主要的是太特么可爱了，太逗了哈哈哈哈哈哈哈哈哈太好玩儿了#杭州亚运会##吉祥物##杭州亚运会吉祥物##杭州亚残运会吉祥物飞飞# 虎兔么么哒的微博视频,虎兔么么哒,f,false,-1,0,14574,478,614,39,2022/02/11,12:15:38,0,1,1
https://m.weibo.cn/detail/4735723615293826,1896116202,【杭州多个亚运场馆本月将完工！承办哪些赛事？消息来了】#杭州亚运会# 杭州2022年亚运会的脚步越来越近，多个亚运场馆将在本月实现完工，一起来了解下目前的建设进度。网页链接 ,杭州24小时,f,true,3,50,30117,477,42.7万,46,2022/02/11,16:25:58,0,0,1
https://m.weibo.cn/detail/4735983004157255,3907687275,【谁能代表中国马术队参加杭州亚运会？选拔方法都在这里！】第一赛马网了解到，昨天2月10日，中国马术协会在官网上发布了《中国马术协会关于&lt;国家马术队杭州亚运会运动员和马匹选拔办法&gt;公开征求意见的通知》。通知表示，第十九届亚运会将于2022年9月10日至25日在浙江省杭州市举办。#马术# #杭州亚运会# 网页链接,第一赛马网,m,true,2,50,12164,459,34.2万,41,2022/02/12,09:36:41,0,0,1
https://m.weibo.cn/detail/4735999777967081,6116531282,汪顺#杭州亚运会# 家门口等你！@汪順Steve,06号尖叫女孩,f,false,-1,0,23,185,43,9,2022/02/12,10:43:20,0,0,0
https://m.weibo.cn/detail/4736013467124545,6378085595,#杭州亚运会# 苏杭一家亲 为杭州亚运会助威#杭州2022年第19届亚运会吉祥物# 心水一个杯子哈哈哈 苏州 ,穿越逆境抵达繁星93,m,false,-1,0,3842,1768,358,4,2022/02/12,11:37:44,0,1,1
https://m.weibo.cn/detail/4736004533784544,1272151934,#杭州2022年第19届亚运会吉祥物# 【你知道杭州2022第19届亚运会的吉祥物吗？】随着北京冬奥会吉祥物#冰墩墩#火遍赛场内外，甚至出现了一“墩”难求的现象。#冰墩墩DIY大赛# 不少人开始“未雨绸缪”，早早地把目光转向了杭州亚运会的吉祥物“江南忆”——琮琮、宸宸、莲莲这“一家三宝”身上。#杭州亚运会#吉祥物是一组承载深厚底蕴和充满时代活力的机器人，三个吉祥物分别取名“宸宸”“琮琮”“莲莲”，组合名为“江南忆”，出自唐朝诗人白居易的名句“江南忆，最忆是杭州”，融合了杭州的历史人文、自然生态和创新基因。,朝闻夕摄,m,false,-1,0,19022,2320,25.8万,45,2022/02/12,11:02:14,0,0,1
https://m.weibo.cn/detail/4736026993757501,3935681413,杭州亚运会三宝儿大头挂件超级可爱手感好Q弹钥匙扣非常漂亮冰箱贴爱了爱了毛巾是我准备夏天用，实物要比图片好看质量不错奈斯想买的真的可以买#杭州亚运会##吉祥物#杭州亚运会吉祥物#杭州2022年第19届亚运会吉祥物# 虎兔么么哒的微博视频,虎兔么么哒,f,false,-1,0,14574,478,614,39,2022/02/12,12:31:29,0,0,1
https://m.weibo.cn/detail/4736072242957635,5711168187,#杭州亚运会# 2022杭州亚运会吉祥物 知道有特许商店 赶紧去下手了 宁波 ,亦乐wtswx_,f,false,-1,0,2513,341,157,9,2022/02/12,15:31:17,0,2,1
https://m.weibo.cn/detail/4736121567707320,1270900211,四季花窗诗词珐琅徽章到手啦～背面金属刻字太美，还有封面背后的镭射标志真的好看滴，果然先下手为强哈哈哈～冰墩墩都断货，杭州亚运会纪念品好多都下架了，果然大家的力量不容小觑…#杭州亚运会##金属徽章# ,雪丽橙子甜,f,false,-1,0,279,413,144,14,2022/02/12,18:47:16,0,0,4
https://m.weibo.cn/detail/4736111208042583,1817053924,#杭州亚运会# 为家乡加油,PP-Yang,m,false,220,0,5381,936,233,45,2022/02/12,18:06:07,0,0,0
https://m.weibo.cn/detail/4736451645803507,2001487693,2月10日下午，亚组委副秘书长、杭州市副市长陈卫强一行来到中国美术学院，调研杭州亚运会艺术设计研究中心2021年度工作并交流座谈。中国美术学院党委书记金一斌、院长高世名参加调研。陈卫强认真听取了中心秘书长、中国美术学院设计艺术学院院长毕学锋对2021年度杭州亚运会艺术设计研究中心的工作汇报，对中心上一年的工作成果表示充分肯定，对中心组织架构的创新给予赞扬。他表示，“中国美术学院与杭州息息相通，心心相连”，中心的成立是创举，于中国美院是产学研一体化非常重要的举措，是可以真正把艺术服务于人民、服务于大众、服务于国家盛事的难得契机。他希望中国美术学院与亚组委进一步深化全面合作，“亚运会给国美一个舞台，国美还亚运会一个精彩”，期待国美继续弘扬亚运美学，放大亚运红利。金一斌指出，中国美术学院作为国家双一流高校，聚焦国家需求，全面推进文化传播力建设，始终以艺术创作国家队的高要求、高标准圆满完成多项国家重大活动的创作任务。学校发挥学术研究优势，组建跨学科、跨领域的专业团队服务于杭州亚运会、亚残运会整体视觉形象设计，完成了包括会徽、火炬、吉祥物等30余项视觉形象。他感谢杭州市委市政府和亚组委对中国美院和中心工作的肯定、支持和指导，中心和美院团队将竭诚以高水平服务本届亚运会。高世名作为中心主任，从学术高度对亚运会在杭州举办的意义、中国美院的责任、实现路径及中心下一阶段工作部署四个方面进行了阐述。他指出，融媒体时代的亚运会，在艺术设计和艺术表达的内容以及气质上要有新的探索，要把亚运的形象设计与传播、媒体、城市肌理融合考虑开展艺术创作。在接下来的亚运会艺术创作中，要把美院的艺术能量、设计能量充分地发挥出来，名校名城携手，共同缔造杭州历史的“高光时刻”。中国美术学院#亚运会##杭州亚运会#,中国美术学院,f,true,4,0,11379,174,42.8万,39,2022/02/13,16:38:54,0,0,11
https://m.weibo.cn/detail/4736444630044166,5997974863,质感超好，就是徒手拆快递有点难受（感觉快递费付在了包装上面😿）#杭州亚运会圆梦公益大使肖战##杭州亚运会##杭州亚运会周边# ,小一同学安,f,false,-1,0,552,470,94,9,2022/02/13,16:11:01,0,4,2
https://m.weibo.cn/detail/4736885924566433,3935681413,哈哈哈哈哈哈哈哈哈哈哈哈哈抢到了首发版还有琮琮虎琮琮虎太可爱了#杭州亚运会##吉祥物##2022年杭州亚运会##杭州亚运会吉祥物# ,虎兔么么哒,f,false,-1,0,14574,478,614,39,2022/02/14,21:24:34,0,2,1
https://m.weibo.cn/detail/4737087734024517,1087725605,#杭州亚运会#【福虎宋韵闹元宵 “鸬”力同心迎亚运“】今天是元宵节，在余杭区鸬鸟镇山沟沟村汤坑，一场小小运动会正在上演。少儿运动会”作为鸬鸟镇欢庆亚运的特色活动，吸引了20多个亲子家庭参与，这也是鸬鸟镇“三服务”走访中不少家长们的心声。在现场，鸬鸟镇的小小少年，个个朝气蓬勃，勇于挑战自己。他们当中最小的4岁，最大的10岁，踊跃参与各项竞技活动，有跑酷、走平衡木、攀登、跳绳等项目，从小培养运动习惯，增强体能。在一片喝彩声中，小小少年们沉浸在运动带来的快乐里，展现了鸬鸟镇对亚运的自信乐观、共迎美好的期许。,fm95浙江经济广播,f,true,3,0,25081,288,4.2万,39,2022/02/15,10:46:29,0,0,0
https://m.weibo.cn/detail/4737078267745162,5560085111,汪顺🎁 #元宵节快乐# 又是一年月初满，又是一年元宵节，风光胜旧，岁序更新，满月迎风，春，向阳而生，蓄力生长，朝着全新的目标扬帆启航，奋力争先，这就是泳者的姿态。为每一份不服输的努力，喝彩！#一起向未来#㊗️ 2022壬寅虎年元宵节快乐！2022#杭州亚运会# 加油！ #正月十五闹元宵#   @汪順Steve Steve专属的泳道的微博视频,Steve专属的泳道,m,true,0,2,8727,161,19.2万,4,2022/02/15,10:08:52,8,13,70
https://m.weibo.cn/detail/4737196152850519,6034646908,#杭州亚运会支付宝##抽奖##杭州亚运会# ,福晋请给娘娘我端杯茶,f,false,-1,0,4923,239,27,7,2022/02/15,17:57:18,0,0,0
https://m.weibo.cn/detail/4737209904663687,3935681413,钥匙扣到货了📣📣📣📣没买到想要的赶快买起来#杭州亚运会##杭州2022年第19届亚运会吉祥物##琮琮莲莲宸宸##吉祥物# ,虎兔么么哒,f,false,-1,0,14574,478,614,39,2022/02/15,18:51:57,0,0,0
https://m.weibo.cn/detail/4737217787073125,3758961040,#电竞# 负责2022年杭州亚运会电子竞技项目的委员会，将于2月时启动国家队教练组的选拔工作。当教练组确定后，他们就开始选手的选拔流程，预计在3月至5月时选出。目前还无法确定韩国英雄联盟国家队的人选是怎样敲定，不过，韩国论坛FM Korea在最近发起了一个投票活动，让大家来投票预测今年亚运会的大名单。#杭州亚运会#,英雄联盟大神玩家,m,true,0,0,3067,398,35.1万,5,2022/02/15,19:23:16,4,24,60
https://m.weibo.cn/detail/4737432220074009,5899395856,公告更新，中标单位从“中奥路跑”修改为“淮安市体育局联合中奥路跑”，世锦赛及杭州亚运会马拉松预选赛由2022淮安马拉松承办基本确定。#淮安马拉松# #杭州亚运会# 查看图片,马拉松报名网,m,true,2,50,2213,125,2985,9,2022/02/16,09:35:20,1,1,0
https://m.weibo.cn/detail/4737621026672268,3411319082,精彩亚运，魅力杭州！我为亚运助力  #杭州亚运会圆梦公益大使肖战##杭州亚运会# 杭州 ,Emily琴琴,f,false,-1,0,1458,89,437,9,2022/02/16,22:05:36,0,0,0
https://m.weibo.cn/detail/4737638013337832,7469333114,千机亚运倒计时，点亮“亚运奇妙游”！数百架无人机齐飞，在钱塘江畔与“大莲花”交相辉映，表达对杭州亚运会的诚挚期待和璀璨祝福。杭州2022年亚运会#杭州亚运会##千机秀##无人机表演##亚运倒计时# 千机秀·无人机的微博视频 ,千机科技·无人机,m,true,2,50,943,55,15.1万,0,2022/02/16,23:13:05,0,1,2
https://m.weibo.cn/detail/4737786404407371,2374751224,📣买门窗选皇派，大品牌有保障🏃🏻皇派门窗亮相广州为2022年#杭州亚运会# 加油助威，为亚运健儿喝彩！#皇派门窗杭州亚运会官方指定门窗##皇派门窗高端隔音门窗# 皇派门窗的微博视频 ,皇派门窗,m,true,2,50,4351,186,12万,26,2022/02/17,09:02:45,0,3,1
https://m.weibo.cn/detail/4737826110834030,1732438082,雪花❄️ &amp; 大莲花 #杭州亚运会##亚运开幕式##杭州雪景#亚运工作日记 杭州 LeeChan立陈director的微博视频 ,LeeChan立陈director,m,false,-1,0,4389,1384,1.7万,32,2022/02/17,11:40:32,0,1,1
https://m.weibo.cn/detail/4737945095637729,5692307048,明天大盘适合做空啊，一天，又是周五了，很多龙头今天都是绿的甚至跌停#杭州亚运会# ,Compounder2023,m,false,-1,0,6465,226,404,9,2022/02/17,19:33:20,0,0,0
https://m.weibo.cn/detail/4738151795656474,7117171960,地铁4号线平安桥站🉑换乘2、3、10号线🚇这个板块刚需上车最好的机会#杭州楼市##杭州地铁##杭州地铁4号线二期##杭州亚运会# 杭州·康桥 ,浙杭锦鲤选房,m,false,-1,0,12,75,2,4,2022/02/18,09:14:41,0,1,0
https://m.weibo.cn/detail/4738177040123638,7720263674,杭州电竞中心项目建设进入决胜收官阶段，工人们正在抓紧施工。从空中俯瞰，杭州电竞中心项目犹如一艘准备启航的太空飞船，充满着科技感和未来感。杭州电竞中心项目是国内首个承接亚运会赛事的专业电子竞技场馆项目，总建筑面积约8万平方米，拥有座位约4500个。#杭州亚运会#电子竞技比赛将在这里产生8枚金牌。网页链接,奥加电竞,f,true,7,50,45375,78,100.5万,0,2022/02/18,10:55:00,0,0,0
https://m.weibo.cn/detail/4738163416760528,6005405044,刚看群里讨论:“买不到#冰墩墩#，可以买#杭州亚运会# 的吉祥物，解解馋～说不准到时候又成爆款，可以拿出来发朋友圈～ ”    但我看了一眼，我还是想买冰墩墩～    这是得不到的在骚动？ ,外贸娘子薇,f,true,0,2,5586,262,8.8万,27,2022/02/18,10:00:51,0,11,16
https://m.weibo.cn/detail/4738214706021118,5675580577,#杭州亚运会##2022年杭州亚运会，即第19届亚洲运动会，将于2022年9月10日至25日 ，在中国浙江省杭州市举行。截至2019年4月，杭州亚运会拟设比赛项目37项，其中包括28个奥运项目和9个非奥项目。亚运会的主旨一直都是“和平、友谊、进步”，从未改变。今年代表亚运会的吉祥物是：淙淙、宸宸、莲莲。这三个吉祥物可是由“忆江南”这个小组创作出来的。淙淙来源于玉宗文物，全身以黄色调为主，头顶不仅有一个玉宗文物的样式，还有饕餮纹，体现出了中华儿女坚强刚毅的精神。宸宸以蓝色调为主，来源于钱塘江，头部就有钱塘江大桥的形象特征，头顶也好似钱塘江大潮水溅起来的样子，体现出了海纳百川的时代精神。莲莲则以绿色调为主，来源于杭州西湖的碧绿的荷叶，形象的展现出了“接天莲叶无穷碧”，莲莲头顶上有一个荷叶，荷叶柄是三潭印月，体现了西湖和我们的人文精神、江南人的人文寓意。亚运会的会徽吧。会徽上有举办时间、地点等简单明了。钱塘江的形象是会徽核心，绿水青山展示了杭州的山水特征，江潮奔涌表达了浙江儿女勇敢的精神，也象征着奥运会顺利举行。（图文搬运，侵删）,源来我玺欢凯的兄弟,f,true,0,0,896,400,86,9,2022/02/18,13:24:40,0,1,2
https://m.weibo.cn/detail/4738237455141382,3931582713,#杭州亚运会#2022年杭州亚运会，即第19届亚洲运动会，将于2022年9月10日至25日 ，在中国浙江省杭州市举行。截至2019年4月，杭州亚运会拟设比赛项目37项，其中包括28个奥运项目和9个非奥项目。亚运会的主旨一直都是“和平、友谊、进步”，从未改变。今年代表亚运会的吉祥物是：淙淙、宸宸、莲莲。这三个吉祥物可是由“忆江南”这个小组创作出来的。淙淙来源于玉宗文物，全身以黄色调为主，头顶不仅有一个玉宗文物的样式，还有饕餮纹，体现出了中华儿女坚强刚毅的精神。宸宸以蓝色调为主，来源于钱塘江，头部就有钱塘江大桥的形象特征，头顶也好似钱塘江大潮水溅起来的样子，体现出了海纳百川的时代精神。莲莲则以绿色调为主，来源于杭州西湖的碧绿的荷叶，形象的展现出了“接天莲叶无穷碧”，莲莲头顶上有一个荷叶，荷叶柄是三潭印月，体现了西湖和我们的人文精神、江南人的人文寓意。亚运会的会徽吧。会徽上有举办时间、地点等简单明了。钱塘江的形象是会徽核心，绿水青山展示了杭州的山水特征，江潮奔涌表达了浙江儿女勇敢的精神，也象征着奥运会顺利举行。,小灵心动日记,f,true,0,0,5623,509,233,28,2022/02/18,14:55:04,1,1,1
https://m.weibo.cn/detail/4738357827469354,2186013650,#杭州亚运会# 杭州 Yjw_雯的微博视频 ,Yjw_雯,f,false,220,0,70,280,846,33,2022/02/18,22:53:22,0,6,6
https://m.weibo.cn/detail/4738356066648266,5849606508,#杭州亚运会# 买了三个杭州亚运会吉祥物，琮琮虎好可爱 杭州 ,我的熙熙宝贝呀,f,false,-1,0,157,118,1567,9,2022/02/18,22:46:22,0,5,0
https://m.weibo.cn/detail/4738566742347639,1879167542,#杭州亚运会# 提前卷 ,Cookie-曲,f,false,220,0,4365,330,3574,38,2022/02/19,12:43:32,0,1,0
https://m.weibo.cn/detail/4738557229400985,6835595904,#杭州亚运会#压力好大！【#冬奥会闭幕式将重现08年奥运瞬间#】#北京冬奥会闭幕式明晚举行#】张艺谋剧透，“在最后熄灭冬奥火种时，会有2008奥运会一个瞬间的物理重现，好像时光倒流一样，给大家带来一种‘穿越’感。”#冬奥闭幕式将再次呈现中国式浪漫#,海在人在,f,false,-1,0,365,1427,182,9,2022/02/19,12:05:43,0,0,0
https://m.weibo.cn/detail/4738588207746424,5415866541,#西安圆通快递#圆通是有啥大病呢吧。2.9号买的东西现在都到不了，一直压转运中心。真的无语。打客服还一直没人接。一个西安的包裹转到咸阳去真的服了。人家都复工了就你不复是不？打个客服电话还什么杭州快递赞助商。就这速度，估计人家都比完了，你都送不到。#杭州亚运会# ,KK小睿,f,false,-1,0,1373,318,66,9,2022/02/19,14:08:50,0,18,9
https://m.weibo.cn/detail/4738657590448162,5852565066,今天是北京冬奥会开幕后的第15天，北京冬奥会即将落下帷幕。在这十几天内，我们见证着各国奥运健儿争金夺银，见证着赛场和竞争，也见证着赛场上的友谊。#北京冬奥会即将落幕# 下届冬奥会是2026年米兰-科尔蒂纳冬奥会，让我们共赴四年之约。见证四年之后奥运健儿再次争金夺银。期待2026，期待今年的杭州亚运会，期待2024年巴黎奥运会#2026年米兰-科尔蒂纳冬奥会##杭州亚运会##巴黎奥运会#,ZhouChengyu周承宇,m,false,-1,0,180,174,2,0,2022/02/19,18:44:32,0,0,0
https://m.weibo.cn/detail/4738669564395915,7740358312,提前卷起来#杭州亚运会# ,是雯雯子吖_,f,false,-1,0,25,86,6,0,2022/02/19,19:32:06,0,0,4
https://m.weibo.cn/detail/4738961756389754,2284757411,#亚运会##杭州亚运会# 和墩墩不同，各个大长腿啊 ,得一九二七,f,false,-1,0,637,90,176,31,2022/02/20,14:53:10,0,2,2
https://m.weibo.cn/detail/4739018169780339,2037897050,#北京冬奥所有比赛结束# 随着北京冬奥会的结束，杭州即将接过运动接力棒，杭州亚运会已经蓄势待发啦！#杭州亚运会# ,辣叶摧秋,m,true,0,0,65334,2051,30.3万,45,2022/02/20,18:37:21,1,0,2
https://m.weibo.cn/detail/4739025824908293,6281794900,#北京冬奥今晚闭幕#伴随着今晚北京冬奥会闭幕，今年九月的杭州2022第19届亚运会开始了200天倒计时。刚刚路过周边线下店，大家觉得亚运会的周边也会火起来嘛当然奥运会的关注度肯定大过亚运会，其次奥运会吉祥物冰墩墩以滚滚为原型，熊猫自带流量属性[机智]#杭州亚运会# 杭州 ,路辉君,m,true,0,0,1815,20,585,14,2022/02/20,19:07:46,0,2,1
https://m.weibo.cn/detail/4739049645146246,5848168708,#张艺谋太懂了##杭州亚运会# 懂？ ,兔子大运赞赞赞,f,false,-1,0,5374,307,338,9,2022/02/20,20:42:24,0,0,6
https://m.weibo.cn/detail/4739067251525517,7736791685,北京冬奥会圆满落幕，杭州亚运会即将进入200天倒计时，一起跟随航拍看看杭州奥体中心的准备情况吧杭州欢迎全世界！#杭州##杭州亚运会##畅想杭州奥体生活##钱塘江# 杭州 努力拍照的小陈同学的微博视频 ,我是时光的小蛮腰,m,false,-1,0,88,164,63,0,2022/02/20,21:52:23,3,4,16
https://m.weibo.cn/detail/4739065754421783,5979747460,#杭州亚运会#杭州亚运会你看到了吗！！！全是人民大众的开幕式闭幕式才最得人心！不要明星不要明星不要明星！！！幕前幕后的志愿者和工作人员更值得露脸！！！ ,我要一杯热美式-,f,false,-1,0,814,272,158,9,2022/02/20,21:46:26,0,0,2
https://m.weibo.cn/detail/4739065339970109,5899713485,#北京冬奥会闭幕式#把压力给到#杭州亚运会# 杭州 ,JH不是江边鸟,m,false,-1,0,26,191,5,4,2022/02/20,21:44:46,0,0,0
https://m.weibo.cn/detail/4739063527773901,1358120960,#杭州亚运会# 主场馆 ,使劲儿减肉肉,m,false,-1,0,3315,639,1191,37,2022/02/20,21:37:35,0,0,1
https://m.weibo.cn/detail/4739062394782041,2101666981,#杭州亚运会倒计时200天##杭州亚运会# ,片儿川华人葉,m,false,220,0,8053,2104,562,28,2022/02/20,21:33:04,0,0,0
https://m.weibo.cn/detail/4739081302704205,5633186266,亚运会吉祥物“宸宸”“琮琮”“莲莲”可以关注起来了，也同样抢手，所以先下手为先为杭州亚运打个call#杭州亚运会# @杭州2022年亚运会 #冰墩墩下班了# 杭州 ,大俊聊车,m,true,0,0,1412,613,29.4万,9,2022/02/20,22:48:12,0,0,1
https://m.weibo.cn/detail/4739072814222203,7282462463,#冬奥# 今天北京冬奥会胜利闭幕，收获满满的感动，看到运动员的自信，友谊，激情……#杭州亚运会# 今天看到杭州朋友在准备亚运会，期待201天后的杭州校运会，继续盛会……@央视新闻 ,Qy红孩儿,f,false,-1,0,1043,153,1万,1,2022/02/20,22:14:29,0,0,1
https://m.weibo.cn/detail/4739202849440819,2104242391,#2022##北京冬奥会# 折柳暂别，#杭州亚运会# 再相见—— ,东阳客,m,false,-1,0,11771,399,2918,38,2022/02/21,06:51:12,1,0,3
https://m.weibo.cn/detail/4739258717308745,2037897050,北京冬奥会圆满落幕，杭州亚运会即将闪亮登场。#杭州地铁三线齐开#  杭州地铁3号线首通段、4号线二期、10号线首通段三条线路同时开通运营，运营总里程达到401公里，朝着516公里目标迈进一大步。 #人人亚运# #杭州亚运会##亚运在身边# ,辣叶摧秋,m,true,0,0,65334,2051,30.3万,45,2022/02/21,10:33:12,1,1,4
https://m.weibo.cn/detail/4739268821390849,2475822674,#心融亚运# 我们准备好了，#杭州亚运会#通信保障有我在！,中国电信宜昌客服,m,true,2,50,9887,1161,20万,32,2022/02/21,11:13:21,0,1,1
https://m.weibo.cn/detail/4739267584069587,1975415803,#心融亚运# 我们准备好了，#杭州亚运会#通信保障有我在！#杭州亚运会倒计时200天##2022年杭州亚运会##用户至上 用心服务##电信5G# @国资小新  中国电信的微博视频 ,中国电信,m,true,2,50,33349,552,412.5万,48,2022/02/21,11:08:26,60,112,37
https://m.weibo.cn/detail/4739291324090070,1849152565,【#杭州亚运会#倒计时200天来临之际！#1分钟了解亚运场馆建设进度#】从2015年9月16日杭州亚运会申办成功以来，浙江各地亚运场馆筹建工作紧锣密鼓、有序推进。在杭州亚运会今晚倒计时200天即将来临之际，天目新闻用一分钟视频展示亚运会场馆建设进度，展现全民参与共建共享的精神，以热烈欢快的活动氛围、积极阳光的状态，向社会各界表现亚运风采，让更多人了解、支持具有“中国特色、浙江风采、杭州韵味、精彩纷呈”的杭州亚运会，为亚运倒计时200天加油喝彩。详情请戳→网页链接 天目新闻的微博视频,叶建勛,m,true,0,2,125749,1647,2.5万,48,2022/02/21,12:42:46,0,0,0
https://m.weibo.cn/detail/4739290884736824,7300690586,【#杭州亚运会#倒计时200天来临之际！#1分钟了解亚运场馆建设进度#】从2015年9月16日杭州亚运会申办成功以来，浙江各地亚运场馆筹建工作紧锣密鼓、有序推进。在杭州亚运会今晚倒计时200天即将来临之际，天目新闻用一分钟视频展示亚运会场馆建设进度，展现全民参与共建共享的精神，以热烈欢快的活动氛围、积极阳光的状态，向社会各界表现亚运风采，让更多人了解、支持具有“中国特色、浙江风采、杭州韵味、精彩纷呈”的杭州亚运会，为亚运倒计时200天加油喝彩。详情请戳→网页链接 天目新闻的微博视频,潮视频,m,true,3,50,29849,416,77万,0,2022/02/21,12:41:01,0,0,0
https://m.weibo.cn/detail/4739284839957147,7300690586,【全力冲刺 迎接亚运！#杭州亚运会#倒计时200天】从杭州亚运会会徽“潮涌”到主题口号“心心相融，@未来”，从吉祥物“江南忆”组合到核心图形“润泽”与色彩系统“淡妆浓抹”，此刻，这些亚运美学构成一道道亚运景观，遍布浙江，辐射全国。城市正在换上“亚运妆”，迎接杭州亚运会的脚步不断加快。接棒冬奥，冲刺亚运。就在21日，杭州亚运会迎来倒计时200天，迈入又一个关键节点。亚运筹办工作进入到全力冲刺、全面就绪、决战决胜的关键阶段。未来200天，杭州亚运会会歌发布，圣火采集，火炬传递，门票信息、奖牌样式发布等后续筹办工作更加牵动人心。迈着奋力前行的铿锵脚步，怀着共襄亚运盛举的热情期待，全省各地涌动着决战决胜的激情，澎湃着精益求精的干劲，将共赴这场“中国特色、浙江风采、杭州韵味、精彩纷呈”的体育文化盛会。（浙江新闻客户端）详情请戳→网页链接,潮视频,m,true,3,50,29849,416,77万,0,2022/02/21,12:17:00,0,1,1
https://m.weibo.cn/detail/4739307014719523,5352424840,#杭州亚运会#  Top:Ale/Bin/Flandre Jun:JieJie/Karsa（Karsa身份敏感，应该不会去） Mid:Xiaohu AD:目前真没个状态好的国产AD，Gala吧 Sup:Meiko,阳仔的生活日记,m,false,-1,0,1573,151,390,23,2022/02/21,13:45:07,0,0,0
https://m.weibo.cn/detail/4739300720378557,1974400095,#心融亚运# 我们准备好了，#杭州亚运会#通信保障有我在！,中国电信陕西客服,f,true,2,50,10654,522,40.7万,40,2022/02/21,13:20:05,0,0,0
https://m.weibo.cn/detail/4739300216800633,1714237723,#心融亚运# 我们准备好了，#杭州亚运会#通信保障有我在！,中国电信江西客服,f,true,2,50,12712,256,201.3万,44,2022/02/21,13:18:05,0,0,0
https://m.weibo.cn/detail/4739325697459774,1896116202,杭州小区美出天花板了（来源：楊键盘）#遇见美好杭州##杭州亚运会##江南# 杭州 杭州24小时的微博视频 ,杭州24小时,f,true,3,50,30117,477,42.7万,46,2022/02/21,14:59:21,0,1,0
https://m.weibo.cn/detail/4739324267200811,2803667061,#杭州亚运会##杭房润如园铝板变涂料##杭房地产外立面减配拒不回应# 民不聊生啊@杭州发布 @头条新闻 @央视新闻 @澎湃新闻 ,大大大大的芥末酱,m,false,-1,0,518,371,149,9,2022/02/21,14:53:39,0,0,9
https://m.weibo.cn/detail/4739323692584843,2803667061,#杭州亚运会##杭房润如园铝板变涂料##杭房地产外立面减配拒不回应# @上城发布 @上城住建 @杭州发布 ,大大大大的芥末酱,m,false,-1,0,518,371,149,9,2022/02/21,14:51:23,0,0,7
https://m.weibo.cn/detail/4739316670006106,1455232643,【直播：和外国友人一起探亚运场馆】今天（2月21日）起，#杭州亚运会#倒计时200天之际，和国际友人David、Shadayne和Nuli一起探馆杭州奥体中心游泳馆和淳安界首体育中心自行车馆，感受全民运动和喜迎亚运氛围。西安电视台官方微博的微博视频 ,西安网络广播电视台,f,true,3,50,77943,553,7.9万,34,2022/02/21,14:23:29,0,1,0
https://m.weibo.cn/detail/4739316657685186,2618630987,【直播：和外国友人一起探亚运场馆】今天（2月21日）起，#杭州亚运会#倒计时200天之际，和国际友人David、Shadayne和Nuli一起探馆杭州奥体中心游泳馆和淳安界首体育中心自行车馆，感受全民运动和喜迎亚运氛围。西安电视台官方微博的微博视频 ,西安网,m,true,3,0,144477,1157,43.9万,48,2022/02/21,14:23:26,0,1,0
https://m.weibo.cn/detail/4739311168390959,2752003085,#杭州亚运会#加油杭州 ,鱼儿缤纷666养乐多,f,false,-1,0,4402,1143,174,4,2022/02/21,14:01:37,0,1,1
https://m.weibo.cn/detail/4739310920927688,7482508503,今天 阳光正好☀️终于把牙装上了 可以暂时结束口腔科挂号西湖边走一走 本想抓一个帅哥当老公 结果一个年轻小伙子都没😭逛完盒马回家吃饭咯（杭州亚运会加油#杭州亚运会# ,猪大肠终结者,f,false,-1,0,914,92,2290,0,2022/02/21,14:00:38,0,0,3
https://m.weibo.cn/detail/4739310920663599,2183542485,【直播：和外国友人一起探亚运场馆】今天（2月21日）起，#杭州亚运会#倒计时200天之际，和国际友人David、Shadayne和Nuli一起探馆杭州奥体中心游泳馆和淳安界首体育中心自行车馆，感受全民运动和喜迎亚运氛围。西安电视台官方微博的微博视频 ,西安广播电视台,m,true,3,50,148335,2238,64.8万,48,2022/02/21,14:00:38,1,0,1
https://m.weibo.cn/detail/4739340884510387,1917050314,#智能亚运一站通#、#争当亚运火炬手# 亚运倒计时200天，期待杭州亚运会开#杭州亚运会#,浙江天气,m,true,1,0,68337,482,62万,48,2022/02/21,15:59:42,0,1,1
https://m.weibo.cn/detail/4739340109090465,2133638570,#杭州地铁# 从05年到杭州，看着杭州从无到有，也见证了很多人的圆梦过程！接下来静待2022年杭州亚运会开幕#杭州亚运会# ,整形医生高俊明,m,true,0,0,6004,2321,92.5万,32,2022/02/21,15:56:37,0,1,1
https://m.weibo.cn/detail/4739337184613172,2108237403,2月21日，杭州2022年第19届亚运会迎来倒计时200天，亚运保障各项工作进入了全面冲刺阶段。今天上午11点，#杭州地铁# 3号线首通段 、4号线二期、10号线首通段三条线路同时开通运营，运营总里程达到401公里，朝着516公里目标迈进一大步。#杭州地铁首末班车运营时刻表上新#中国蓝新闻的微博视频 @长三角铁路 #杭州亚运会# #蓝V视界#,西铁资讯,m,true,1,0,118562,2118,137.5万,48,2022/02/21,15:45:00,1,1,2
https://m.weibo.cn/detail/4739332680977074,5661510642,#杭州亚运会#和武术冠军一起倒计时200天，迎接亚运 杭州 ,阳光ysj,f,false,-1,0,125,237,70,14,2022/02/21,15:27:06,0,1,0
https://m.weibo.cn/detail/4739331803842985,1567649507,这么冷穿短袖@杭州发布 #杭州亚运会# ,煮个面给你吃呀,m,false,-1,0,2422,2133,512,33,2022/02/21,15:23:37,0,1,0
https://m.weibo.cn/detail/4739330797471567,7303081122,#杭州亚运会#这个人是骗子 卖亚运会门票 骗了我400块钱 你们别信 ,波波女士鸭,f,false,-1,0,1507,300,5,0,2022/02/21,15:19:37,0,12,5
https://m.weibo.cn/detail/4739329198654140,7566829723,//@湖南电信官方微博:#心融亚运# 我们准备好了，#杭州亚运会#通信保障有我在！,不明嚼栗咕咕咕咕白,m,false,-1,0,4836,72,1,0,2022/02/21,15:13:15,0,0,0
https://m.weibo.cn/detail/4739328582353640,1890772480,#心融亚运# 我们准备好了，#杭州亚运会#通信保障有我在！,湖南电信官方微博,f,true,2,50,25740,1173,119.4万,45,2022/02/21,15:10:48,2,2,3
https://m.weibo.cn/detail/4739327584108979,2093316171,#心融亚运# 我们准备好了，#杭州亚运会#通信保障有我在！,中国电信四川公司,m,true,2,50,10969,95,19.7万,34,2022/02/21,15:06:50,0,0,0
https://m.weibo.cn/detail/4739355011189015,5184393175,#杭州亚运会# #听春雨 待骑行 盼亚运# 【我县开展杭州亚运会倒计时200天主题活动】       为营造迎亚运氛围，2月21日，县市政园林发展中心在千岛湖广场举办了一场“2022年杭州亚运会倒计时200天暨杭州·千岛湖亚运主题展会”，彰显“中国特色、浙江风采、杭州韵味、精彩纷呈”的亚运精神美学场境，也让广大市民更加深刻的了解2022年第十九届杭州亚（残）运会的比赛内容、精彩看点。       接下来，园林中心还将在倒计时100天、50天等重要时间节点，与亚组委倒计时庆典同步举办亚运观赛空间预热运行活动。在亚（残）运会赛事期间为市民提供大屏幕观赛，赛事直播等服务，引导全社会共同支持亚运，参与亚运。#听春雨 待骑行 盼亚运#,淳安发布,m,true,1,0,65993,183,6.2万,43,2022/02/21,16:55:50,13,4,13
https://m.weibo.cn/detail/4739347084217405,3095435397,#杭州亚运会#地铁齐发迎亚运。 杭州 ,杭州楼市大鹏,m,true,0,0,8281,359,3.5万,36,2022/02/21,16:24:20,0,1,0
https://m.weibo.cn/detail/4739342860027936,6132293978,#杭州亚运会#突然觉得江南忆三宝可爱起来啦~ ,Ninsan羽,f,false,-1,0,674,1113,122,9,2022/02/21,16:07:33,0,1,1
https://m.weibo.cn/detail/4739366154930706,3545391387,今天#杭州亚运会倒计时200天##接棒冬奥 冲刺亚运# 让我们越来越期待亚运会的到来。想着#杭州亚运会# ，到底有什么的值得期待，有感而发，写了一篇文章。   杭州·财富・金融中心 ,神奇的一个超,m,false,-1,0,722,1254,599,16,2022/02/21,17:40:07,0,9,6
https://m.weibo.cn/detail/4739364733848220,7464681113,#杭州亚运会# 倒计时200天啦！,益米之间公益发展中心,f,false,-1,0,78,25,3.1万,0,2022/02/21,17:34:28,0,0,0
https://m.weibo.cn/detail/4739363583557674,1589521771,💤深睡为夺冠🏆蓄能杭州亚运会官方指定床垫顾家床垫亚运系列为亚运深睡护航⚠️温馨提醒，接棒北京冬奥会⏰距离亚运会开幕还有200天#深睡床垫就选顾家##深度好睡眠##杭州亚运会##杭州亚运会倒计时200天# @顾家床垫 @顾家家居 @杭州2022年亚运会 #深睡为夺冠蓄能# ,Braverwang,m,false,-1,0,2400,690,3.6万,36,2022/02/21,17:29:53,0,0,0
https://m.weibo.cn/detail/4739360312003554,1470741293,#心融亚运# 我们准备好了，#杭州亚运会#通信保障有我在！,中国电信江苏公司,m,true,2,50,9395,307,1.2万,27,2022/02/21,17:16:53,0,0,0
https://m.weibo.cn/detail/4739356315880979,7300690586,【刚和冰墩墩说再见 #杭州亚运会#将迎倒计时200天 宸宸 琮琮 莲莲欢迎您】2月21日，杭州久雨放晴，阳光灿烂。同时，杭州也将迎来2022年亚运会倒计时200天的时刻。位于杭州武林广场上的2022年亚运会倒计时牌前，吉祥物宸宸、琮琮、莲莲纷纷敞开怀抱欢迎您。详情请戳→网页链接 天目新闻的微博视频,潮视频,m,true,3,50,29849,416,77万,0,2022/02/21,17:01:01,0,0,0
https://m.weibo.cn/detail/4739380872742272,1896116202,杭州亚运会倒计时200天，看杭州小小火炬手多自豪（来源：滨江发布）#遇见美好杭州##杭州亚运会##杭州亚运会倒计时200天##接棒冬奥 冲刺亚运# 杭州 杭州24小时的微博视频 ,杭州24小时,f,true,3,50,30117,477,42.7万,46,2022/02/21,18:38:36,0,0,2
https://m.weibo.cn/detail/4739397662543970,6577114728,#杭州亚运会#,桑榆未落-,f,true,0,0,3525,223,444,4,2022/02/21,19:45:19,0,0,0
https://m.weibo.cn/detail/4739396492592473,1885905544,接棒冬奥，冲刺亚运！杭州亚运会进入倒计时200天#迪士普##杭州亚运会# ,马钰杰-Kevin,m,false,-1,0,614,147,206,16,2022/02/21,19:40:40,0,0,0
https://m.weibo.cn/detail/4739395246886800,3949908574,作为杭州人民，迎亚运热情🈵️🈵️ps｜ 此灯名为“迎亚运”#杭州##杭州亚运会##亚运会# 骑鱼的猫大王的微博视频 ,骑鱼的猫大王,f,false,-1,0,280,266,348,25,2022/02/21,19:35:43,0,1,3
https://m.weibo.cn/detail/4739390662249520,2626546637,#杭州亚运会# 接棒冬奥，冲刺亚运。期待200天后的杭州亚运会～🏃 ,想飞的懒猫呀,f,true,0,0,14207,810,256,11,2022/02/21,19:17:30,0,1,0
https://m.weibo.cn/detail/4739413102561904,3496260561,#杭州亚运会# 倒计时200天 ,杨拉松,m,true,0,0,5480,862,42.7万,45,2022/02/21,20:46:40,0,1,12
https://m.weibo.cn/detail/4739407208776728,2670079355,【接棒冬奥、冲刺亚运！淳安公安践行“三能”要求 全力以赴护航杭州亚运会】#杭州亚运会#杭州亚运会迎来倒计时200天，作为唯一亚运分村的淳安赛承担着三大项赛事。为全力护航赛事，确保安保工作万无一失，淳安县公安局成立安保工作专班，早介入、早落实，全力推进各项安保筹办工作。 #我在岗位上#,平安淳安,m,true,1,0,37981,208,5072,36,2022/02/21,20:23:15,0,1,0
https://m.weibo.cn/detail/4739406164921028,1660123845,体育比赛【正在直播：#亚运会倒计时无人机主题表演#】2月21日，迎来#杭州亚运会#倒计时200天。今晚，亚组委将在杭州举办无人机主题表演。@人民日报 正在直播↓#相约杭州亚运会#，共同关注！ 人民日报的微博直播 ,黔中墨客,m,false,-1,0,27333,2692,2.6万,14,2022/02/21,20:19:06,0,0,3
https://m.weibo.cn/detail/4739406004750819,1358630143,#杭州亚运会#喜迎杭州亚运会 杭州·湖滨 ,Seven7wxc,m,false,-1,0,17,45,1149,9,2022/02/21,20:18:28,1,2,1
https://m.weibo.cn/detail/4739402553624429,5873582335,#接棒冬奥冲刺亚运#【#亚运会进入倒计时200天#】举世瞩目的北京冬奥会刚刚落下帷幕，杭州亚运会也进入了倒计时200天。21日，一场别具特色的亚运文化活动在浙江杭州举行，以全省联动、全城互动、全民参与的形式传递人们喜迎亚运的热情和对亚运盛会的期盼。#杭州亚运会# ,傲游周章,m,true,0,0,24901,3381,11.8万,38,2022/02/21,20:04:45,0,0,0
https://m.weibo.cn/detail/4739429148921273,1299309047,#杭州亚运会倒计时200天##杭州亚运会# 今晚，我们迎来#杭州亚运倒计时200天# 相约杭州，共赴亚运！一起为亚运健儿加油！ ,亚丽-yali,f,true,0,0,2701,516,120.9万,41,2022/02/21,21:50:26,2,2,19
https://m.weibo.cn/detail/4739423621874971,1358630143,#西湖上空无人机亚运主题表演#喜迎杭州亚运会#杭州亚运会# 杭州·湖滨 ,Seven7wxc,m,false,-1,0,17,45,1149,9,2022/02/21,21:28:28,0,1,3
https://m.weibo.cn/detail/4739420835812395,7670801798,#杭州亚运会#还有200天！ ,今天打喷嚏了没,f,false,-1,0,2625,314,217,0,2022/02/21,21:17:24,0,1,0
https://m.weibo.cn/detail/4739419103560724,1700719943,#杭州亚运会倒计时200天#，1000架无人机闪耀杭州夜空！2月21日晚，1000架无人机集结杭州湖滨上空，带来一场集声、光、乐于一体的炫目表演。#接棒冬奥，冲刺亚运#！加油！杭州无人机#杭州亚运会# #西湖上空无人机亚运主题表演# ,视觉中国,m,true,2,50,9265,1466,59.2万,34,2022/02/21,21:10:31,3,7,38
https://m.weibo.cn/detail/4739416981772411,2803667061,#杭州亚运会# #杭州某盘外立面铝板变涂料# #杭房润如园铝板变涂料# 杭州政府真的不管@央视新闻 @杭州发布 @澎湃新闻 @头条新闻,大大大大的芥末酱,m,false,-1,0,518,371,149,9,2022/02/21,21:02:05,0,1,0
https://m.weibo.cn/detail/4739416558144917,2296854025,接棒接棒！#杭州亚运会#,姜小瑾童鞋,f,true,0,0,2709,325,1644,36,2022/02/21,21:00:24,0,0,1
https://m.weibo.cn/detail/4739443582568526,6040414212,#西湖上空无人机亚运主题表演#hangzhou #杭州亚运会# 分享一些日常……今天怂恿朋友买了nars超方瓶 试用感觉还不错！还看到了亚运会倒计时200天的演出 ,小赞的爆米花_Zjjjin,f,true,0,0,1184,1829,703,9,2022/02/21,22:47:47,0,0,4
https://m.weibo.cn/detail/4739440183870261,1975033051,#杭州亚运会##杭州##亚运会#  杭州亚运会倒计时200天西湖湖滨无人机灯光秀4K高清完整版来了，亚运吉祥物齐亮相，错过的看这个就够了。200天后杭州即将再次成为世界的焦点，杭州准备好了，你准备好了吗？ 杭州·湖滨 张力视觉的微博视频 ,张力视觉,m,true,0,0,8692,1051,7.9万,33,2022/02/21,22:34:16,1,1,17
https://m.weibo.cn/detail/4739439710701669,1985211465,#杭州亚运会# ,晴兔1987,f,false,-1,0,440,297,143,36,2022/02/21,22:32:24,0,0,0
https://m.weibo.cn/detail/4739460443147341,1501333927,#杭州亚运会#杭州亚运会还有200天 丁硕-奥友汇的微博视频 ,丁硕-奥友汇,m,true,0,0,18104,1519,1.6万,17,2022/02/21,23:54:47,0,0,0
https://m.weibo.cn/detail/4739451685442837,3284946231,//@中国电信海南客服:#心融亚运# 我们准备好了，#杭州亚运会#通信保障有我在！#杭州亚运会倒计时200天##2022年杭州亚运会##用户至上 用心服务##电信5G#,2428053199j乀,m,false,-1,0,2985,272,10,4,2022/02/21,23:19:59,0,0,0
https://m.weibo.cn/detail/4739471964373455,1704581595,#杭州亚运会#期待杭州亚运会顺利召开//@微转塘-三江汇:【#杭州地铁#】#交通有多凡尔赛# #在路上看中国# #杭州身边事# 杭州地铁三线齐发，临平天都城、上城丁桥与拱墅半山等板块首通地铁。这样一来，杭州地铁的线网运营总里程已达到401公里，杭州也成为全国第四座集齐地铁1-10号线的城市。,地铁族网刊,m,false,-1,0,3425,3827,2504,23,2022/02/22,00:40:33,0,0,1
https://m.weibo.cn/detail/4739461877859239,3749041683,#杭州亚运会#【#西湖千架无人机闪耀天空#】2月21日，#杭州亚运会200天倒计时#，无人机主题表演在西湖上空举行，1000架无人机变换队形，展示丰富的亚运元素和城市元素，为2022年杭州亚运会喝彩。（浙视频）浙视频的微博视频找粉进群➡️网页链接⬅️见粉必回#高能##正能量#,敬-美-耗-玉,m,false,-1,0,88925,16503,5.8万,40,2022/02/22,00:00:28,0,1,1
https://m.weibo.cn/detail/4739594542650319,5880816209,#亚运在身边# 夜幕降临 华灯初上 杭州西湖有惊喜一起等待2022杭州亚运会吧#杭州亚运会# ,蜗牛旅行梦,f,true,0,0,26424,404,1.5万,33,2022/02/22,08:47:39,49,33,34
https://m.weibo.cn/detail/4739582560568329,1002224393,2月21日，距离杭州2022亚运会倒计时200天。杭州西湖水域上空展示大规模无人机表演。 #杭州亚运会# #v光计划# 老陶在路上的微博视频 ,老陶在路上,m,true,0,0,15611,392,99.8万,40,2022/02/22,08:00:02,0,1,9
https://m.weibo.cn/detail/4739611711243386,7396837728,【杭州2022年第19届亚运会倒计时200天】五洲四海同期待 ，我在温州迎亚运。#杭州亚运会 # 温州人APP的微博视频 ,温州人APP,m,false,-1,0,1114,188,149,0,2022/02/22,09:55:52,0,0,1
https://m.weibo.cn/detail/4739610841973531,1917050314,【#西湖千架无人机闪耀天空#】2月21日，#杭州亚运会#，无人机主题表演在西湖上空举行，1000架无人机变换队形，展示丰富的亚运元素和城市元素，为2022年杭州亚运会喝彩。昨天你们去看了吗？浙视频的微博视频 ,浙江天气,m,true,1,0,68337,482,62万,48,2022/02/22,09:52:25,0,0,2
https://m.weibo.cn/detail/4739609415649962,2911700983,#杭州亚运会# 快完工的板球馆@杭州2022年亚运会 ,minthauve,f,false,-1,0,298,396,166,14,2022/02/22,09:46:45,0,1,6
https://m.weibo.cn/detail/4739608946147402,5561347896,#杭州亚运会# 杭州时刻,指尖图腾,m,false,-1,0,4979,1741,1163,30,2022/02/22,09:44:52,0,0,0
https://m.weibo.cn/detail/4739600964913719,2189403262,#杭州亚运会# 迎亚运 知识问答|西溪湿地迎亚运倒计时200天线上知识有奖问答快快来参与哦全部答对即可参与抽奖每人每天有1次抽奖机会哦奖品是价值68元的西溪梅花三件套 ,西溪湿地,m,true,1,0,16766,254,9万,45,2022/02/22,09:13:10,1,3,0
https://m.weibo.cn/detail/4739600730030500,3887925480,#来临安看亚运# 接棒冬奥，冲刺亚运。2月21日，#杭州亚运会# 迎来倒计时200天，一场别具特色的亚运文化活动在杭州湖滨步行街举行，以全省联动、全城互动、全民参与的形式传递人们喜迎亚运的热情和对亚运盛会的期盼。在校的同学们也以手工作品、主题晨会、歌唱舞蹈等等形式共迎亚运。#迹痕点点# #临安正能量#,潘军强,m,true,0,0,101550,955,3.6万,39,2022/02/22,09:12:13,0,0,1
https://m.weibo.cn/detail/4739597991411798,2752003085,最有爱的日子：20220222，爱了爱了，为杭州加油，为亚运加油！#杭州亚运会#摄影 鱼儿缤纷666养乐多的微博视频 ,鱼儿缤纷666养乐多,f,false,-1,0,4402,1143,174,4,2022/02/22,09:01:20,0,0,3
https://m.weibo.cn/detail/4739597663993978,1036713140,【#杭州亚运会赛会志愿者面试选拔# 将于3月底前完成】目前，#杭州亚运会# 赛会志愿者面试选拔工作正在有序推进中。@浙江大学 @浙江工业大学 @浙江传媒学院 等高校的3.1万余名报名者已参与面试；此外，3705人参加了在#杭州# 社会志愿者面试选拔，其中包含484名财务、医疗等社会来源专业志愿者和代表性群体志愿者。所有赛会志愿者面试选拔将于3月底前完成，选拔结束后将参与通用培训，6月底前完成配岗；9月份正式上岗前，还将进行场馆培训和岗位演练，确保志愿者以专业规范的水平服务赛会。详☞ 网页链接 （杭州亚运会官网） 杭州网的微博视频,杭州网,f,true,3,50,181440,506,200.3万,48,2022/02/22,09:00:02,0,0,0
https://m.weibo.cn/detail/4739636528417786,1409317902,我在#杭州亚运会#倒计时200天活动分会场。千年古镇瓜沥将举行亚运会#武术# 比赛。💕戴眼镜的小师弟马上要赴中国国家武术队集训、参与亚运资格选拔，如果选中，他将参与亚运首金的争夺。哎我怎么忘了和帅哥好好拍张合影呢～ ,绮女侠,f,true,0,0,1836,953,24.5万,42,2022/02/22,11:34:29,0,3,10
https://m.weibo.cn/detail/4739631196932637,5182351505,#杭州亚运会# @浙江长龙航空,不拼不博今生白活,m,false,-1,0,368,210,53,9,2022/02/22,11:13:18,0,0,1
https://m.weibo.cn/detail/4739630870565466,6020516658,【#杭州亚运会赛会志愿者面试选拔# 将于3月底前完成】目前，#杭州亚运会# 赛会志愿者面试选拔工作正在有序推进中。@浙江大学 @浙江工业大学 @浙江传媒学院 等高校的3.1万余名报名者已参与面试；此外，3705人参加了在#杭州# 社会志愿者面试选拔，其中包含484名财务、医疗等社会来源专业志愿者和代表性群体志愿者。所有赛会志愿者面试选拔将于3月底前完成，选拔结束后将参与通用培训，6月底前完成配岗；9月份正式上岗前，还将进行场馆培训和岗位演练，确保志愿者以专业规范的水平服务赛会。网页链接杭州网的微博视频,育见新闻,m,true,3,0,50615,218,139.2万,9,2022/02/22,11:12:00,0,0,0
https://m.weibo.cn/detail/4739627908596082,1587216580,#杭州亚运会#十二年前的广州亚运会，我们还是志愿者 ,-Qiannie-,f,false,220,0,3056,421,674,35,2022/02/22,11:00:13,0,2,5
https://m.weibo.cn/detail/4739652009071828,1762189653,【#杭州亚运会赛会志愿者面试选拔# 将于3月底前完成】目前，#杭州亚运会# 赛会志愿者面试选拔工作正在有序推进中。@浙江大学 @浙江工业大学 @浙江传媒学院 等高校的3.1万余名报名者已参与面试；此外，3705人参加了在#杭州# 社会志愿者面试选拔，其中包含484名财务、医疗等社会来源专业志愿者和代表性群体志愿者。所有赛会志愿者面试选拔将于3月底前完成，选拔结束后将参与通用培训，6月底前完成配岗；9月份正式上岗前，还将进行场馆培训和岗位演练，确保志愿者以专业规范的水平服务赛会。详☞  （杭州亚运会官网） 杭州网的微博视频,快乐哈哩,m,true,0,0,306675,1651,16.1万,48,2022/02/22,12:36:00,0,0,4
https://m.weibo.cn/detail/4739687534825545,6020516658,【#杭州亚运会赛会志愿者面试选拔# 将于3月底前完成】目前，#杭州亚运会# 赛会志愿者面试选拔工作正在有序推进中。@浙江大学 @浙江工业大学 @浙江传媒学院 等高校的3.1万余名报名者已参与面试；此外，3705人参加了在#杭州# 社会志愿者面试选拔，其中包含484名财务、医疗等社会来源专业志愿者和代表性群体志愿者。所有赛会志愿者面试选拔将于3月底前完成，选拔结束后将参与通用培训，6月底前完成配岗；9月份正式上岗前，还将进行场馆培训和岗位演练，确保志愿者以专业规范的水平服务赛会。详☞ 网页链接杭州网的微博视频,育见新闻,m,true,3,0,50615,218,139.2万,9,2022/02/22,14:57:10,0,0,2
https://m.weibo.cn/detail/4739686797673736,1303211083,杭州，我人杰地灵，钟灵毓秀，上有天堂下有苏杭的杭州，你认真的吗？？？？亚运会你放这首歌，确定能招到志愿者么？？？杭州老百姓同意了么？？？相信我，点开它，你能收获奇迹，你会无比自信，相信你也能上亚运会。嗯，一定！[点头]网页链接#杭州亚运会# ,二月葫芦,f,true,0,2,23657,661,3.7万,41,2022/02/22,14:54:14,13,11,23
https://m.weibo.cn/detail/4739677480815253,5617251118,【#杭州亚运会赛会志愿者面试选拔# 将于3月底前完成】目前，#杭州亚运会# 赛会志愿者面试选拔工作正在有序推进中。@浙江大学 @浙江工业大学 @浙江传媒学院 等高校的3.1万余名报名者已参与面试；此外，3705人参加了在#杭州# 社会志愿者面试选拔，其中包含484名财务、医疗等社会来源专业志愿者和代表性群体志愿者。所有赛会志愿者面试选拔将于3月底前完成，选拔结束后将参与通用培训，6月底前完成配岗；9月份正式上岗前，还将进行场馆培训和岗位演练，确保志愿者以专业规范的水平服务赛会。详☞  （杭州亚运会官网） 杭州网的微博视频,九三樊,m,true,0,2,188778,3099,37.8万,41,2022/02/22,14:17:13,0,0,0
https://m.weibo.cn/detail/4739699241125152,1866178881,【亚运倒计时200天！ #杭州大爷喜迎亚运高喊做好东道主# 】2月21日，浙江杭州。正值2022年#杭州亚运会# 倒计时200天，在街上，一位大伯为自己是杭州人而感到十分骄傲：“我今天非常高兴！亚运会在我门口开了，我要做好东道主……为亚运加油！我是杭州人！”激动的语气难掩自豪之情。接棒冬奥，迎接亚运！让我们一起为亚运喝彩！ 美丽浙江的微博视频,范大姐帮忙,f,true,3,0,49428,465,10.4万,45,2022/02/22,15:43:41,0,0,0
https://m.weibo.cn/detail/4739699165367627,1866178881,#杭州大爷喜迎亚运高喊做好东道主# #杭州亚运会# 迎亚运～,范大姐帮忙,f,true,3,0,49428,465,10.4万,45,2022/02/22,15:43:23,0,0,0
https://m.weibo.cn/detail/4739698868619552,1626045813,【亚运倒计时200天！ #杭州大爷喜迎亚运高喊做好东道主# 】2月21日，浙江杭州。正值2022年#杭州亚运会# 倒计时200天，在街上，一位大伯为自己是杭州人而感到十分骄傲：“我今天非常高兴！亚运会在我门口开了，我要做好东道主……为亚运加油！我是杭州人！”激动的语气难掩自豪之情。接棒冬奥，迎接亚运！让我们一起为亚运喝彩！ 美丽浙江的微博视频,共富TV,m,true,3,0,38517,390,10.2万,41,2022/02/22,15:42:12,0,0,1
https://m.weibo.cn/detail/4739698809376337,1626045813,#杭州大爷喜迎亚运高喊做好东道主# #杭州亚运会# 牛啊,共富TV,m,true,3,0,38517,390,10.2万,41,2022/02/22,15:41:58,0,0,0
https://m.weibo.cn/detail/4739695034761458,7302194727,#杭州亚运会# 从第一句集美们，到中间插一个男的念白那段。 离谱他妈给离谱开门，离谱到家了！,二·喜,f,false,-1,0,655,261,20,0,2022/02/22,15:26:57,0,0,0
https://m.weibo.cn/detail/4739717307040046,5514927582,#杭州亚运会#杭州亚运会的那个歌真是雷到我了！是认真的吗？ 绍兴 ,哩子,f,false,-1,0,830,236,65,14,2022/02/22,16:55:27,0,1,0
https://m.weibo.cn/detail/4739713392968403,1665450974,#用赛博风打开亚运##杭州亚运会# 湖州新闻传媒中心摄制了一部全新的赛博朋克风宣传片《亚运•湖韵》，将湖州的现代感、运动感、活力感与湖州美景、传统文化进行次元碰撞。湖州是杭州2022年亚运会五个协办城市之一。#爱达2022我们2在一起# 湖州发布的微博视频 杭州 ,FM89杭州之声,m,true,3,50,79995,537,209万,48,2022/02/22,16:39:54,0,0,1
https://m.weibo.cn/detail/4739731693241525,1665450974,#杭州亚运会# 一起来看宣传片 2022.02.22，江南忆来了一次归乡的穿越之旅。琮琮回到了良渚，莲莲在西湖的荷叶上跳舞，宸宸来到了拱宸桥上，小伙伴们还记得“江南忆”三小只都是哪些杭州名胜古迹的化身吗？ 杭州2022年亚运会的微博视频 杭州·近江 ,FM89杭州之声,m,true,3,50,79995,537,209万,48,2022/02/22,17:52:38,0,0,0
https://m.weibo.cn/detail/4739731307365275,1642784870,#杭州亚运会# 大家一起喜迎杭州亚运会吧！ 浙江子夷的微博视频 ,浙江子夷,m,false,-1,0,1564,728,2089,16,2022/02/22,17:51:06,0,1,1
https://m.weibo.cn/detail/4739728832987987,3107492537,#亚运会宝藏宣传视频##杭州亚运会# 所以是恶搞还是真的？？？ ,寻梦不分西东,f,false,-1,0,59346,3282,660,45,2022/02/22,17:41:16,0,7,11
https://m.weibo.cn/detail/4739723778592091,2049413844,#杭州亚运会倒计时200天# #杭州亚运会# 大美杭州！一起来看宣传片 爱达未来，我们金秋相见,杭州电视台生活频道,m,true,3,50,15895,167,92.7万,29,2022/02/22,17:21:11,0,0,0
https://m.weibo.cn/detail/4739723278684530,2049413844,#杭州亚运会倒计时200天# #杭州亚运会# 一起来看宣传片 宸宸、琮琮、莲莲唱跳功力了得！,杭州电视台生活频道,m,true,3,50,15895,167,92.7万,29,2022/02/22,17:19:12,0,0,0
https://m.weibo.cn/detail/4739742937909647,6424035436,#杭州亚运会#  52秒松下跑团，有幸参与其中,Crush_morri,m,false,-1,0,7,67,4,4,2022/02/22,18:37:19,0,0,0
https://m.weibo.cn/detail/4739741432152406,3984690220,#杭州亚运会倒计时200天# 杭州的朋友赶紧出来迎接亚运会#杭州亚运会# 杭州 二萌大叔的微博视频 ,二萌大叔,m,true,0,0,4413,1759,1438,37,2022/02/22,18:31:19,0,0,0
https://m.weibo.cn/detail/4739739951825141,2003342421,#杭州亚运会##杭州亚运会倒计时200天##浙江2022迎春季#  一起来看宣传片 宸宸、琮琮、莲莲唱跳功力怎么样？ 杭州校园的微博视频 ,杭州校园,f,true,1,0,49005,1156,68.9万,48,2022/02/22,18:25:26,0,1,0
https://m.weibo.cn/detail/4739758993967278,6655247185,#杭州亚运会# 亚运会宣传曲，我不允许没人听过，简直想循环 烧焦的皮卡丘爱刘天和的微博视频 ,晨睿涵S,m,false,-1,0,48,171,1,4,2022/02/22,19:41:07,1,4,2
https://m.weibo.cn/detail/4739764814878690,6159338919,好期待，快点到来吧#杭州亚运会#,下凡的小仙女sweet,f,false,-1,0,449,276,110,0,2022/02/22,20:04:15,0,0,1
https://m.weibo.cn/detail/4739791687780169,2808448892,西湖千机秀现场真是太太太太赞了#杭州亚运会# GJY-207的微博视频 ,GJY-207,f,false,-1,0,707,88,213,27,2022/02/22,21:51:02,0,1,3
https://m.weibo.cn/detail/4739787288740981,7735959826,#杭州亚运会#会不会有羽生结弦啊 ,爱小雅201612,f,false,-1,0,31,91,3,0,2022/02/22,21:33:33,0,2,0
https://m.weibo.cn/detail/4739786201631502,1400355627,这个吉祥物是出土文物吧，跟冰墩墩能比嘛#杭州亚运会#,洛曦2013,f,false,-1,0,1676,191,148,19,2022/02/22,21:29:14,0,1,0
https://m.weibo.cn/detail/4739781958041671,1672589290,#杭州亚运会#,蓝梅公益,f,false,-1,0,4548,147,1293,16,2022/02/22,21:12:21,0,0,0
https://m.weibo.cn/detail/4739805748137549,5458520685,#杭州亚运会# 期待一下呀 杭州·黄龙 ,魔法小完能,f,false,-1,0,1295,255,828,14,2022/02/22,22:46:54,0,2,1
https://m.weibo.cn/detail/4739799703360604,1301142770,#亚运会宝藏宣传视频##杭州亚运会# 救救吉祥物 ,铁牛牛的微博,f,false,220,0,9388,1368,536,30,2022/02/22,22:22:53,0,0,3
https://m.weibo.cn/detail/4739823866745601,3886512217,咱就是说，大晚上别听杭州亚运会的歌，真吓人#杭州亚运会# ,阿芬就是很可爱啊,f,false,-1,0,475,573,194,33,2022/02/22,23:58:54,0,1,0
https://m.weibo.cn/detail/4739814043944046,5994757629,魔方婚礼随笔21年东京奥运会，当他获得金牌的时候，你说想用一场婚礼来奖励他，转眼在这一个被爱包围的特殊日子里，奖励兑现了，你为心爱的他披上了嫁衣，这一刻真的太美好，当《直到遇见了你，我只喜欢你》的伴奏响起，当你眼中有泪光，嘴角有笑容的缓缓走来，当你将他拥入怀抱，泪水在你肩上…..婚礼很短暂，人生却很漫长，你们还会有许许多多的热泪盈眶，但今晚的闪耀会一直在你们内心深处，会一直在我们每一位见证者脑海中，还是想用我在仪式中欢迎你们步入婚礼，那句词：想了很多祝福的话，还是想把2022年杭州亚运会的口号送给你们，“心心相融，爱达未来”欢迎你们，走进婚姻@独白主持人工作室 杭州婚礼#杭州婚礼主持人##杭州婚礼司仪##奥运冠军的婚礼##冬奥会哪一瞬间最打动你##谈一场成熟的恋爱是怎样的体验##杭州亚运会# #明星婚礼# #杭州亚运会圆梦公益大使肖战#,司仪魔方,m,true,0,0,1190,1058,10.1万,27,2022/02/22,23:19:52,1,0,0
https://m.weibo.cn/detail/4739824302952094,5958113886,真的有必要要让杭州亚运组委会和杭州市政府知道什么叫做脍炙人口09年全运会的主题曲都比你们好听哦经济大省最终搞了个这属实不太行看看09年全运会 相亲相爱这首歌的传唱度吧09年亚运会10年春晚22年冬奥开幕式多少学一点 别外包了#杭州亚运会##亚运##杭州##杭州亚运会倒计时一周年主题活动##2022年杭州亚运会# @杭州2022年亚运会 @杭州发布 小司吃肉啦的微博视频,小司吃肉啦,m,false,-1,0,39,3403,59,9,2022/02/23,00:00:38,0,2,2
https://m.weibo.cn/detail/4739849221309489,6558969939,#杭州亚运会#杭州2022年亚运会[超话]# 我是真的听不清电音在唱什么 ,阿呆吃不胖·Zoe,f,false,-1,0,124,251,12,0,2022/02/23,01:39:39,0,1,0
https://m.weibo.cn/detail/4739968171245590,1785062407,#杭州亚运会# 接棒冬奥，杭州亚运2022倒计时200天！~ 湖州 ,姑娘请你吹口气,m,false,-1,0,303,181,104,9,2022/02/23,09:32:18,0,1,0
https://m.weibo.cn/detail/4739964896021471,2189403262,#杭州亚运会#  奉献亚运|亚运元素成为西溪湿地的美丽风景线,西溪湿地,m,true,1,0,16766,254,9万,45,2022/02/23,09:19:18,0,0,0
https://m.weibo.cn/detail/4739982688782495,3080997970,【助力绿色亚运 | 快看！余杭这8所学校获评“杭州市绿色学校”】近日，杭州市生态环境局、杭州市教育局公布“杭州市第十二批市级绿色学校”名单，我区闲林职业高级中学、良渚古墩路小学、杭运幼儿园（北宸园区）等8所学校成功获评！#亚运会# #杭州亚运会# ,余杭发布,m,true,1,0,49707,875,13.7万,47,2022/02/23,10:30:00,0,1,1
https://m.weibo.cn/detail/4739979631136391,1455232643,【@2022亚运年，和外国友人一起探亚运场馆（宁波）】2月21日起，#杭州亚运会#倒计时200天之际，与国际友人一起探亚运场馆”。联动直播，展现各地迎接亚运的氛围，以及以亚运为契机提升环境风貌等方面的成果。23日和来自俄罗斯的艾琳一起到宁波象山亚帆中心，感受全民运动和喜迎亚运的氛围。 西安电视台官方微博的微博视频,西安网络广播电视台,f,true,3,50,77943,553,7.9万,34,2022/02/23,10:17:51,0,0,0
https://m.weibo.cn/detail/4739977949218447,5931207842,【杭州亚运会进入倒计时200天】#杭州亚运会# 2月21日，杭州2022年第19届亚运会迎来倒计时200天。当日，一场别具特色的亚运文化活动在浙江杭州举行，以全省联动、全城互动、全民参与的形式传递人们喜迎亚运的热情和对亚运盛会的期盼。据介绍，杭州亚运会筹办工作已经进入“冲刺阶段”。截至目前，57个竞赛场馆完工50个，剩余7个场馆预计在今年3月底前全部竣工，4月底前完成赛事功能验收。31个训练场馆目前已有11个竣工。（新华社）,融体育,m,true,2,50,8606,192,2.3万,27,2022/02/23,10:11:10,0,1,0
https://m.weibo.cn/detail/4739977915666104,2618630987,【@2022亚运年，和外国友人一起探亚运场馆（宁波）】2月21日起，#杭州亚运会#倒计时200天之际，与国际友人一起探亚运场馆”。联动直播，展现各地迎接亚运的氛围，以及以亚运为契机提升环境风貌等方面的成果。23日和来自俄罗斯的艾琳一起到宁波象山亚帆中心，感受全民运动和喜迎亚运的氛围。西安电视台官方微博的微博视频,西安网,m,true,3,0,144477,1157,43.9万,48,2022/02/23,10:11:02,0,0,0
https://m.weibo.cn/detail/4739975263814529,2183542485,【@2022亚运年，和外国友人一起探亚运场馆（宁波）】2月21日起，#杭州亚运会#倒计时200天之际，与国际友人一起探亚运场馆”。联动直播，展现各地迎接亚运的氛围，以及以亚运为契机提升环境风貌等方面的成果。23日和来自俄罗斯的艾琳一起到宁波象山亚帆中心，感受全民运动和喜迎亚运的氛围。西安电视台官方微博的微博视频,西安广播电视台,m,true,3,50,148335,2238,64.8万,48,2022/02/23,10:00:30,0,0,1
https://m.weibo.cn/detail/4740044260118288,2620279204,#杭州亚运会##杭州亚运会200天倒计时#杭州亚运会“集美们让我们一起迎亚运，2022年2月22，还有200天迎盛会，千年文明拥抱智慧，湖光山色尽显韵味。。。”这个杭州亚运会的宣传片很多说有点烧脑，说实话俺是差点pen饭。。。不是唱歌的问题，而是歌词。。。相信杭州待过一段时间的小伙伴可能第一件事是数一下到底有几个“2”。。。这写歌词的真的很专业幽默啊。。。 宁波 卖竹荪的老万的微博视频,卖竹荪的老万,m,true,0,2,30860,5013,22.3万,48,2022/02/23,14:34:40,4,9,24
https://m.weibo.cn/detail/4740064477448452,6481787339,【#杭州亚运会赛会志愿者面试选拔# 将于3月底前完成】目前，#杭州亚运会# 赛会志愿者面试选拔工作正在有序推进中。@浙江大学 @浙江工业大学 等高校的3.1万余名报名者已参与面试；此外，3705人参加了在社会志愿者面试选拔，其中包含484名财务、医疗等社会来源专业志愿者和代表性群体志愿者。详☞ 网页链接杭州网的微博视频,奶茶自有它的甜,f,false,-1,0,101,151,6,9,2022/02/23,15:55:00,0,0,0
https://m.weibo.cn/detail/4740058530185367,7529556608,筑匠亚运场馆项目：大运河亚运公园杭州唯一新建亚运场馆华东院EPC，美国ATS公司和浙江省院联合打造筑匠以“钢”代木，助力南馆乒乓球馆[害羞R][害羞R]#杭州亚运会 ##2022年杭州亚运会##大运河亚运公园最新靓照出炉#杭州2022年亚运会 杭州·拱墅区大运河亚运公园乒乓球馆 ,Zencool_筑匠,m,true,2,-1,277,28,18,0,2022/02/23,15:31:21,1,1,5
https://m.weibo.cn/detail/4740055396258923,3159857342,//@湖南电信官方微博:#心融亚运# 我们准备好了，#杭州亚运会#通信保障有我在！,creamcrime,m,false,-1,0,3555,10,1,14,2022/02/23,15:18:55,0,0,0
https://m.weibo.cn/detail/4740052112901214,2189403262,#杭州亚运会# 提升氛围 助力亚运丨西溪湿地亚运氛围浓，趁着空闲时间，来感受一下“西溪亚运”之美吧！  西溪湿地的微博视频 ,西溪湿地,m,true,1,0,16766,254,9万,45,2022/02/23,15:05:52,0,0,1
https://m.weibo.cn/detail/4740098510294590,7720332076,请问这是2002年的视频吗？真的笑不活了#杭州亚运会#搞笑  认真吃瓜张美丽的微博视频 ,认真吃瓜张美丽,f,false,-1,0,55902,48,1.2万,0,2022/02/23,18:10:14,0,1,0
https://m.weibo.cn/detail/4740124682488728,3015058645,#杭州亚运会# 哈哈哈哈哈哈笑死我了 南方人刻在骨子里的麻将嘛 ,天天有鱼吃w,f,false,-1,0,528,487,713,9,2022/02/23,19:54:14,0,1,0
https://m.weibo.cn/detail/4740173033637126,6484300876,新鲜事数码闲聊站荣耀手机沈阳·冷子堡镇各位微博网友们晚上好，很高兴认识你，谢谢！距离#北京2022年冬残奥会#开幕还有九天，距离#杭州亚运会#开幕还有198天。距离#荣耀Magic4#系列新品发布还有五天。践行科技理想主义，我们持续创新，不断超越，相信这款全新科技旗舰将再次为大家带来惊艳的产品体验！@米奇沃克斯 @自信的眉毛 @数码闲聊站 @荣耀手机 @赵明-George @姜海荣-Harrison @荣耀方飞 @科技微讯 @菊厂影业Fans @数码闲聊机 @行者猫霸-徐靖,我是陈晨大哥,m,false,-1,0,2300,1737,104,9,2022/02/23,23:06:21,0,1,0
https://m.weibo.cn/detail/4740312364745324,1036713140,#杭州新天堂# 【一场春雪之后#淳安的这颗亚运明珠分外妖娆# 】2月23日清晨，位于淳安县界首乡的2022杭州亚运会淳安亚运分村白雪皑皑，千岛湖畔的亚运室内自行车场馆仿佛一颗“雪中明珠”，点缀着江南雪景。2022年杭州亚运会淳安亚运分村将承担铁人三项、公开水域游泳、自行车三个大项的比赛，产生25块金牌。目前场馆建设正逐步收官，亚运配套工程及周边村庄环境整治正全面开展，预计五月开展测试赛。观看更多#杭州亚运会# 场馆雪景☞ 网页链接 杭州网的微博视频,杭州网,f,true,3,50,181440,506,200.3万,48,2022/02/24,08:20:01,1,1,2
https://m.weibo.cn/detail/4740347601885235,1036713140,【#杭州亚运会赞助招商创历史纪录# 111家企业已加入“朋友圈”】2月22日至23日，#杭州2022亚运会# 第二次赞助企业大会在杭州召开，旨在进一步服务好赞助企业，提升赞助企业的满意度。截至目前，#杭州亚运会# 朋友圈“版图”已突破82个类别，共有111家赞助企业，杭州亚残运会也已签约了59个类别共80家企业，累计赞助协议开发总收入近40亿元，其中不乏吉利集团、中国电信、中国移动等世界500强企业，以及安恒、娃哈哈等优秀浙江民营企业，赞助招商实现亚运历史突破。此外，杭州亚运会的捐赠总额也创历届亚运历史新高。杭州亚运会创新出台捐赠荣誉激励政策，以现金捐赠为主，物资服务捐赠精准对接亚运筹办需求，广泛争取国企、民企和社会各界捐赠支持亚运筹办，累计捐赠总额1.1377亿元。详☞ 网页链接,杭州网,f,true,3,50,181440,506,200.3万,48,2022/02/24,10:40:02,0,0,3
https://m.weibo.cn/detail/4740345134319113,2183542485,【直播；和外国友人一起探亚运场馆（温州站）】2月21日起，#杭州亚运会#倒计时200天之际，与外国友人一起探亚运场馆”联动直播。24日，和国际友人阿珂莫（Ergashev Akmal）一起探馆温州龙舟运动中心，感受全民运动和喜迎亚运的氛围。 西安电视台官方微博的微博视频 ,西安广播电视台,m,true,3,50,148335,2238,64.8万,48,2022/02/24,10:30:14,0,0,0
https://m.weibo.cn/detail/4740359370311308,2618630987,【直播；和外国友人一起探亚运场馆（温州站）】2月21日起，#杭州亚运会#倒计时200天之际，与外国友人一起探亚运场馆”联动直播。24日，和国际友人阿珂莫（Ergashev Akmal）一起探馆温州龙舟运动中心，感受全民运动和喜迎亚运的氛围。 西安电视台官方微博的微博视频 ,西安网,m,true,3,0,144477,1157,43.9万,48,2022/02/24,11:26:48,0,0,0
https://m.weibo.cn/detail/4740383499620563,6328142946,明珠电视塔👏👏👏  杭州的时尚滤镜崩得稀碎 本都市丽人怕是要连夜背上行囊跑路防止emotional damage#杭州亚运会# ,都市靓女阿鑫,f,false,-1,0,256,140,16,3,2022/02/24,13:02:41,0,0,0
https://m.weibo.cn/detail/4740422393663793,6534856721,【杭州亚运会电竞馆竣工在即：星际漩涡为设计理念，外形酷似星际战舰】杭州亚运会电竞馆已完成全部外立面安装，室内装修、设备安装及室外道路、景观等项目也已进入扫尾施工，将于近期完成全部建设工作。 杭州亚运会电竞馆以“星际漩涡”为设计理念，外形酷似“星际战舰”，是国内首个承接亚运会赛事的专业电子竞技场馆项目。#英雄联盟# #杭州亚运会#,游戏圈揭秘,m,true,0,0,10409,194,303.5万,24,2022/02/24,15:37:14,4,24,60
https://m.weibo.cn/detail/4740434259875168,5930794215,在看冬奥会周边的时候大数据给我推荐了亚运会，忽然开始期待开幕式了，想看下开幕式那天是不是周末来着，结果打开一看不仅是周末，而且还是中秋节！！！啊啊啊啊啊太可以了！我想攒钱去抢门票啦！！！#杭州亚运会# ,野原向日葵r,f,false,-1,0,453,601,1182,9,2022/02/24,16:24:23,0,8,2
https://m.weibo.cn/detail/4740468644513574,3036853453,#杭州新天堂# 【一场春雪之后#淳安的这颗亚运明珠分外妖娆# 】2月23日清晨，位于淳安县界首乡的2022杭州亚运会淳安亚运分村白雪皑皑，千岛湖畔的亚运室内自行车场馆仿佛一颗“雪中明珠”，点缀着江南雪景。2022年杭州亚运会淳安亚运分村将承担铁人三项、公开水域游泳、自行车三个大项的比赛，产生25块金牌。目前场馆建设正逐步收官，亚运配套工程及周边村庄环境整治正全面开展，预计五月开展测试赛。观看更多#杭州亚运会# 杭州网的微博视频,杭州最热门,f,true,0,0,20647,576,124.2万,48,2022/02/24,18:41:00,1,0,6
https://m.weibo.cn/detail/4740529621832713,7469420176,#杭州亚运会# 杭州要开亚运会了！提到杭州，居然一下子又想起了洗剪吹，好不容易才有点淡忘，这么一刺激，又想起，西湖的水，小贞母子的泪，天堂的伞！又想起与杭州齐名的天堂般的城市——苏州，许可馨！毅丝不忘许可馨#许可馨# 石家庄 ,梦里采薇与云飞,m,false,-1,0,2713,263,850,0,2022/02/24,22:43:19,0,1,1
https://m.weibo.cn/detail/4740535769631852,7450230719,林生斌#杭州亚运会# 杭州要开亚运会了！提到杭州，一下子又想起了洗剪吹，好不容易才有点淡忘，这么一刺激，又想起了，西湖的水，小贞母子的泪，天堂的伞！又想起与杭州齐名的天堂般的城市——苏州，苏州的留学生许可馨，依然无果。毅丝不忘许可馨#许可馨#  ,我有一座开满石莲的小院,f,false,-1,0,260,207,50,0,2022/02/24,23:07:45,1,7,21
https://m.weibo.cn/detail/4740721875357016,2962712391,#小蚊子的生活日记##香雪兰##钱王祠##杭州亚运会# @a7CLUB @索尼中国 ☀️春暖花开🌸 ,小蚊子_想旅行,f,false,-1,0,3763,1241,243,38,2022/02/25,11:27:16,1,7,4
https://m.weibo.cn/detail/4740742385764386,3903234075,#杭州亚运会# 你好亚运年网页链接 嘉兴 ,南湖发布,m,true,1,0,21161,1992,10.3万,41,2022/02/25,12:48:46,0,1,1
https://m.weibo.cn/detail/4740758912107047,5234793880,#听春雨 待骑行 盼亚运#告别冬奥，喜迎亚运！#杭州亚运会#倒计时197天 勃勃生机，蓄势待发，快和淳淳一起到大好春光里寻找我们的亚运小伙伴吧！@杭州2022年亚运会 杭州·千岛湖 ,千岛湖淳牌有机鱼,m,true,2,50,1911,345,2864,27,2022/02/25,13:54:25,1,0,1
https://m.weibo.cn/detail/4740771502096721,1630935165,#冬奥带动全民上冰雪#小艾也要一起冰雪运动运动完别忘了用筋膜枪等按摩器材放松一下哦要不然第二天肌肉酸痛起不来呀科技养生 从现在开始#艾力斯特# #苏炳添的家庭按摩师# #杭州亚运会# ,艾力斯特官方微博,m,true,2,50,2865,438,8.9万,35,2022/02/25,14:44:27,0,2,0
https://m.weibo.cn/detail/4740817594618213,2515418350,#杭州亚运会# 实力官宣！纽恩泰空气能正式成为“杭州亚运会官方供应商”继亚奥理事会官方合作伙伴18届亚运会官方合作伙伴之后纽恩泰继续牵手亚运助力绿色亚运领航中国空气能 ,纽恩泰空气能官方号,m,true,2,50,3906,288,1557,27,2022/02/25,17:47:37,0,1,1
https://m.weibo.cn/detail/4740812275453485,6601347382,我们是不是该抢宸宸，琮琮和莲莲了@浙江长龙航空 #杭州亚运会# @杭州2022年亚运会 ,永远也吃不胖的乔治,m,false,-1,0,104,524,44,5,2022/02/25,17:26:29,0,0,1
https://m.weibo.cn/detail/4740806369872680,1691724254,【中国电信将在#杭州亚运会#提供“#元宇宙#”体验】2月25日消息，据人民网报道，中国电信为亚运会打造亚运综合VR/AR平台。“元宇宙”体验将现身亚运会，通过5G+XR技术，场外观众可以通过手机、TV大屏、VR/AR眼镜置身虚拟现场，感受与运动员面对面的互动。#清元宇宙##心融亚运#期待！ ,清博智能,m,true,2,50,26247,1759,4.5万,45,2022/02/25,17:03:01,0,1,0
https://m.weibo.cn/detail/4740853585152954,1665450974,【湖上竞舟！赛艇队员刻苦训练迎亚运】#杭州亚运会# #杭州亚运会倒计时# 2月25日，淳安县富文乡千岛湖赛艇训练基地水面上，赛艇队运动员放舟湖面、挥桨如飞、奋勇争先，在碧水间划出一条条飞快的弧线，也成为风景秀丽千岛湖上一道独特的风景线。近年来，凭借一湖青山绿水，千岛湖先后吸引了20多支国家及省、市赛艇、皮划艇队来此训练，同时，韩国、泰国、哈萨克斯坦等国还在千岛湖设立了冬训基地，走出了孟关良、杨文军、崔晓桐、吕扬、张灵、陈云霞、徐诗晓、孙梦雅等奥运冠军，有效彰显了淳安生态优势，打响了千岛湖运动休闲品牌。  FM89杭州之声的微博视频,FM89杭州之声,m,true,3,50,79995,537,209万,48,2022/02/25,20:10:38,0,0,2
https://m.weibo.cn/detail/4741024561234432,5234793880,#杭州亚运会# 淳淳携可爱的莲莲来给大家倒计时啦~距离@杭州2022年亚运会 还有196天杭州·千岛湖 ,千岛湖淳牌有机鱼,m,true,2,50,1911,345,2864,27,2022/02/26,07:30:02,0,1,0
https://m.weibo.cn/detail/4741116030879413,6986290563,家人们！谁知道2022杭州亚运会开幕式演职人员开始招募了吗？通过什么途径招募呀？#杭州亚运会##杭州亚运会开幕式##沙晓岚任杭州亚运会开幕式总制作人##陆川任杭州亚运会开幕式总导演# ,铁牛妹妹呀,f,false,-1,0,2501,1557,17,4,2022/02/26,13:33:30,0,1,0
https://m.weibo.cn/detail/4741145177886213,6080079079,樊振东 做一个理智且努力的球迷  希望今年的#杭州亚运会# 可以去现场看球赛 ,L_YaHong,f,false,-1,0,92,191,154,9,2022/02/26,15:29:19,0,11,21
https://m.weibo.cn/detail/4741164429739270,7481092858,这客服真能处 亚运三宝太可爱啦 #杭州亚运会# ,奶酪快到碗里来,f,false,-1,0,824,353,42,0,2022/02/26,16:45:49,0,1,2
https://m.weibo.cn/detail/4741183098851736,1630935165,#被子盖得越重就能睡得越香吗##研究发现盖厚被子可改善失眠# 想要睡得更舒服，小艾有妙招！让iRest艾力斯特A100S智能太空椅舒缓全身的肌肉睡得更香哦全身气囊循环包裹，温感热敷理疗缓解久坐的腰部肌肉紧张和久站的腿脚酸痛感仿佛身处云端般的舒适想不入睡都难！#iRest艾力斯特# #苏炳添的家庭按摩师# #杭州亚运会#,艾力斯特官方微博,m,true,2,50,2865,438,8.9万,35,2022/02/26,18:00:00,1,2,1
https://m.weibo.cn/detail/4741184927303022,7102325203,不知道你们认不认识他是谁#杭州亚运会# 杭州 ,月亮鱼爱吃猫,f,false,-1,0,107,224,1422,4,2022/02/26,18:07:16,0,1,0
https://m.weibo.cn/detail/4741183098851736,1630935165,#被子盖得越重就能睡得越香吗##研究发现盖厚被子可改善失眠# 想要睡得更舒服，小艾有妙招！让iRest艾力斯特A100S智能太空椅舒缓全身的肌肉睡得更香哦全身气囊循环包裹，温感热敷理疗缓解久坐的腰部肌肉紧张和久站的腿脚酸痛感仿佛身处云端般的舒适想不入睡都难！#iRest艾力斯特# #苏炳添的家庭按摩师# #杭州亚运会#,艾力斯特官方微博,m,true,2,50,2865,438,8.9万,35,2022/02/26,18:00:00,1,2,1
https://m.weibo.cn/detail/4741256053523575,5573676306,坐等9月10日开幕#杭州亚运会#,柠檬喜2006,m,false,-1,0,3438,5413,768,13,2022/02/26,22:49:53,0,0,0
https://m.weibo.cn/detail/4741474014727294,3080997970,【免费打卡还送礼品？快来良渚新城梦栖小镇为杭州亚运会打CALL！】举世瞩目的北京冬奥会刚刚落下帷幕，杭州亚运会也进入了倒计时，杭州以冲刺的姿态向全亚洲展示了对亚运会的期待。亚运会的脚步越来越近，为喜迎杭州亚运会，良渚新城梦栖小镇党群服务中心将于2月28日—3月1日开展“我为亚运打CALL”精彩亚运照相馆打卡活动。一起为杭州加油，为亚运加油！#杭州亚运会# #亚运会# @梦栖小镇,余杭发布,m,true,1,0,49707,875,13.7万,47,2022/02/27,13:16:00,0,0,1
https://m.weibo.cn/detail/4741500615001518,2515418350,#杭州亚运会# 【亚运领航·聚势赋能】纽恩泰2022全国优秀经销商代表大会倒计时天✅品牌战略引领 营销干货赋能✅发布仪式见证 重磅福利揭晓✅世界冠军莅临 知名歌手助阵精彩纷呈，就等您来~ ,纽恩泰空气能官方号,m,true,2,50,3906,288,1557,27,2022/02/27,15:01:42,0,0,0
https://m.weibo.cn/detail/4741556689702874,3787126342,揭秘#杭州亚运会# 击剑馆里的黑科技！,微博时事,m,true,7,0,93020,2896,209.5万,34,2022/02/27,18:44:31,0,0,0
https://m.weibo.cn/detail/4741555393138739,1782669225,揭秘#杭州亚运会# 击剑馆里的黑科技！NBA标准的音响系统，智慧的消防设施……不过观赛座椅和电子大屏幕都是旧的，响应绿色低碳办亚运，你看得出来吗#亚运场馆探营# 杭州·杭州电子科技大学体育馆(副馆) Shasha-Zhou的微博视频 ,Shasha-Zhou,f,true,0,0,2716,945,9.9万,32,2022/02/27,18:39:22,1,3,0
https://m.weibo.cn/detail/4741552113716024,2515418350,#杭州亚运会# 【现场直击】亚运领航，聚势赋能实力官宣，再度牵手亚运夺势泵发，助力绿色发展纽恩泰邀您见证空气能行业盛事！ ,纽恩泰空气能官方号,m,true,2,50,3906,288,1557,27,2022/02/27,18:26:20,0,0,0
https://m.weibo.cn/detail/4741784984880290,1579879795,#2022年全国游泳冠军赛# 想要入选#杭州亚运会# ，规则好复杂～引入了积分，还增加主副项，以及分段积分～总而言之就是强势与能力，厚度要有～ps.奥运冠军汪顺张雨霏 和世锦赛一样，保送亚运会～他俩是真的强 张家口·云顶滑雪公园 ,孙小雪淹不死,f,true,0,2,2505,887,67.4万,30,2022/02/28,09:51:41,10,15,32
https://m.weibo.cn/detail/4741841562634547,1978395253,#杭州亚运会#2022杭州亚运会吉祥物get☑️ ,逍遥的散仙,f,false,220,0,289,191,368,35,2022/02/28,13:36:30,0,0,1
https://m.weibo.cn/detail/4741876417036880,1896116202,1200个魔方拼出杭州亚运会会徽！这群孩子太会玩了！（来源：杭州电视台综合频道）#杭州亚运会# #浙江dou知道# #遇见美好杭州#  杭州24小时的微博视频 ,杭州24小时,f,true,3,50,30117,477,42.7万,46,2022/02/28,15:55:00,0,1,0
https://m.weibo.cn/detail/4741980708667571,5658009090,#杭州亚运会# 希望二面成功🙏 杭州·杭州电子科技大学信息工程学院 ,小鬼可可奈,f,false,-1,0,8,55,112,14,2022/02/28,22:49:24,0,11,11
https://m.weibo.cn/detail/4741988396306150,6999947031,航拍杭州亚运村#杭州##杭州亚运会##亚运会# Luyz__的微博视频 ,Luyz__,m,false,-1,0,674,270,690,7,2022/02/28,23:19:58,1,1,14
